signal,hour_bucket,n,days,idx_hit30,idx_mfe60_med,p_mfe30_ge50,p_mfe60_ge50,p_mfe60_ge100,mfe60_med,ret30_mean,ret60_mean,ret60_net_mean,p_ret60_pos,bracket_mean,bracket_win,bracket_pts_mean,p0_med
BASELINE_every_bar,09:15-10,1768,442,50.0,0.16,15.21,23.64,8.14,18.89,-3.41,-3.8,-5.84,36.54,-7.51,21.55,-9.15,112.72
BASELINE_every_bar,10-11,3536,442,49.94,0.14,12.78,22.82,7.44,20.78,0.57,0.73,-1.61,38.4,-5.3,21.32,-5.73,100.32
BASELINE_every_bar,11-12,3536,442,49.94,0.13,13.46,23.9,8.14,21.31,-0.32,-1.7,-4.22,38.66,-6.24,21.86,-6.52,93.23
BASELINE_every_bar,12-13,3534,442,49.97,0.15,17.94,30.67,11.8,26.27,-0.57,-1.85,-4.69,38.14,-6.47,26.6,-6.08,84.6
BASELINE_every_bar,13-14,3536,442,50.0,0.17,25.28,38.12,18.5,34.23,-2.24,-5.66,-8.89,33.82,-8.15,29.24,-6.52,73.99
BASELINE_every_bar,14-15,3536,442,50.0,0.18,38.97,46.83,29.55,44.63,-3.62,-3.88,-8.98,30.63,-9.11,31.67,-4.72,53.86
BB_squeeze_break,09:15-10,40,26,42.5,0.2,12.5,22.5,10.0,19.65,-14.9,4.75,3.08,35.0,-14.02,17.5,-6.26,148.79
BB_squeeze_break,10-11,25,24,60.0,0.16,20.0,32.0,4.0,30.7,9.41,-1.23,-3.57,48.0,3.87,28.0,5.71,101.91
BB_squeeze_break,11-12,218,121,59.17,0.2,25.69,36.24,13.3,31.4,8.14,10.61,7.97,48.17,2.19,33.03,5.02,95.27
BB_squeeze_break,12-13,256,151,47.27,0.16,21.09,32.81,15.62,26.81,5.94,8.17,5.07,40.23,-4.17,29.69,-4.06,77.97
BB_squeeze_break,13-14,244,161,47.13,0.15,28.69,38.93,21.72,31.68,1.5,0.4,-3.03,31.15,-7.28,31.97,-5.65,75.24
BB_squeeze_break,14-15,167,109,43.11,0.1,26.95,35.33,20.96,23.78,-10.32,-12.82,-17.19,24.55,-15.48,23.95,-8.06,51.25
BB_squeeze_break,15-15:30,34,29,52.94,0.05,32.35,32.35,17.65,19.37,-17.42,-17.42,-35.88,35.29,-27.89,29.41,-4.2,28.38
EMA9x21_trend,09:15-10,116,102,52.59,0.15,15.52,23.28,5.17,19.77,-3.29,-9.12,-10.96,29.31,-8.86,20.69,-9.39,116.61
EMA9x21_trend,10-11,118,96,46.61,0.13,17.8,24.58,8.47,17.93,0.39,-0.89,-3.01,38.14,-6.41,22.88,-5.75,109.96
EMA9x21_trend,11-12,136,112,48.53,0.14,14.71,29.41,9.56,20.46,-1.7,1.64,-0.78,41.91,-3.37,27.94,-5.52,101.18
EMA9x21_trend,12-13,157,128,49.04,0.16,25.48,37.58,17.2,28.96,1.31,1.43,-1.57,38.22,-1.43,35.67,-2.25,84.51
EMA9x21_trend,13-14,188,154,41.49,0.15,24.47,35.11,18.62,30.43,-6.1,-8.96,-12.41,28.72,-11.38,26.6,-7.13,71.81
EMA9x21_trend,14-15,223,172,42.6,0.14,36.32,44.84,28.25,40.95,-10.01,-7.1,-12.34,30.49,-9.34,31.84,-4.0,51.51
EMA9x21_trend,15-15:30,77,73,55.84,0.06,40.26,40.26,19.48,35.75,8.0,8.0,-9.24,38.96,-19.77,29.87,-2.79,24.63
LateBreak_1415,14-15,152,152,52.63,0.26,51.97,57.24,42.76,72.64,40.19,47.09,40.01,40.79,-4.13,38.82,-1.78,52.19
LateBreak_1415,15-15:30,49,49,51.02,0.07,42.86,42.86,38.78,39.05,16.45,16.45,-0.1,30.61,-15.29,34.69,-2.6,25.7
MidBreak_1015_1200,10-11,182,181,42.31,0.13,14.29,21.43,7.14,18.22,-2.03,-4.52,-6.58,35.16,-6.8,20.88,-6.82,110.61
MidBreak_1015_1200,11-12,105,105,52.38,0.16,20.0,29.52,12.38,20.06,4.45,1.47,-0.96,40.95,-2.51,26.67,-1.74,105.99
ORB30,09:15-10,150,150,45.33,0.16,20.0,31.33,10.67,24.62,6.01,5.2,2.88,38.67,-1.92,28.67,-2.3,110.46
ORB30,10-11,183,179,48.09,0.15,13.11,21.86,5.46,21.48,-0.42,-2.3,-4.5,33.88,-5.75,21.86,-5.02,109.03
ORB30,11-12,64,64,54.69,0.18,21.88,31.25,12.5,26.74,12.26,8.16,5.65,46.88,1.41,28.12,5.12,93.04
ORB30,12-13,53,53,49.06,0.14,20.75,28.3,13.21,24.99,-2.9,-17.09,-19.71,28.3,-7.31,26.42,-7.51,78.55
ORB30,13-14,40,40,47.5,0.24,32.5,45.0,27.5,26.95,1.07,10.92,8.14,40.0,-2.65,37.5,-3.88,93.85
ORB30,14-15,38,38,60.53,0.35,50.0,65.79,50.0,89.23,35.98,62.05,55.9,39.47,-4.94,36.84,-3.34,52.37
ORB30,15-15:30,9,9,66.67,0.12,66.67,66.67,44.44,66.93,44.34,44.34,21.32,44.44,-7.19,55.56,-2.12,12.72
ORB30_tight,09:15-10,135,135,43.7,0.15,20.0,28.89,10.37,23.5,6.9,5.79,3.44,39.26,-3.35,25.93,-3.02,108.95
ORB30_tight,10-11,154,152,48.7,0.14,12.99,22.08,5.19,21.91,-0.04,-1.23,-3.52,35.06,-4.97,22.08,-4.7,104.57
ORB30_tight,11-12,58,58,53.45,0.17,18.97,29.31,10.34,24.86,7.32,6.81,4.29,46.55,0.28,25.86,4.34,93.04
ORB30_tight,12-13,47,47,48.94,0.14,19.15,27.66,12.77,24.16,-3.62,-12.84,-15.52,29.79,-5.8,27.66,-6.35,78.5
ORB30_tight,13-14,37,37,51.35,0.26,35.14,48.65,29.73,47.81,4.64,14.44,11.77,40.54,-0.12,40.54,-2.67,96.8
ORB30_tight,14-15,26,26,65.38,0.38,50.0,69.23,53.85,127.83,18.37,50.55,45.09,42.31,-3.75,38.46,-1.66,52.37
ORB30_tight,15-15:30,9,9,66.67,0.12,66.67,66.67,44.44,66.93,44.34,44.34,21.32,44.44,-7.19,55.56,-2.12,12.72
PDH_PDL,09:15-10,166,166,45.18,0.17,13.86,24.1,7.83,19.1,-6.58,-5.89,-7.84,35.54,-8.37,22.89,-10.87,125.29
PDH_PDL,10-11,32,31,53.12,0.17,25.0,37.5,12.5,33.84,9.26,-0.35,-2.41,43.75,4.72,37.5,8.74,117.2
PDH_PDL,11-12,28,28,60.71,0.21,10.71,28.57,3.57,27.23,0.05,-7.97,-9.88,35.71,-1.53,28.57,1.93,103.2
PDH_PDL,12-13,20,20,70.0,0.18,25.0,40.0,10.0,34.91,11.42,7.79,4.82,50.0,-0.94,35.0,4.47,83.66
PDH_PDL,13-14,27,27,51.85,0.22,37.04,48.15,22.22,48.77,-1.67,1.17,-3.02,29.63,0.06,40.74,3.7,84.63
PDH_PDL,14-15,28,28,60.71,0.39,75.0,78.57,57.14,118.98,58.12,65.69,59.89,57.14,2.67,46.43,3.74,60.01
PDH_PDL,15-15:30,10,10,60.0,0.16,60.0,60.0,50.0,78.02,-6.57,-6.57,-16.22,40.0,-7.5,40.0,0.16,31.7
RSI_mom,09:15-10,189,151,43.39,0.17,15.34,25.4,4.76,19.63,-6.33,-8.64,-10.6,32.8,-8.16,24.34,-8.79,114.45
RSI_mom,10-11,282,206,48.58,0.13,17.38,28.01,8.16,25.61,0.33,-1.58,-3.92,40.43,-3.6,25.53,-3.6,98.52
RSI_mom,11-12,353,253,53.54,0.15,20.11,32.01,9.07,27.47,5.51,0.79,-1.73,44.48,0.05,30.59,0.87,92.67
RSI_mom,12-13,410,296,46.59,0.17,22.68,35.37,13.66,27.87,2.0,2.19,-0.78,39.51,-2.95,31.95,-3.68,81.78
RSI_mom,13-14,492,320,40.45,0.14,23.98,33.74,19.72,26.04,-6.52,-10.49,-13.54,28.25,-11.1,26.83,-7.75,73.09
RSI_mom,14-15,481,325,49.48,0.18,39.5,47.82,33.89,46.2,4.42,12.95,7.77,33.47,-8.74,32.43,-4.28,51.53
RSI_mom,15-15:30,166,153,53.01,0.06,40.36,40.36,25.3,34.59,1.44,1.44,-10.17,37.35,-14.49,32.53,-1.92,27.23
RangeExp,09:15-10,32,31,59.38,0.3,37.5,46.88,18.75,39.01,25.16,26.35,24.57,53.12,6.01,43.75,20.05,150.74
RangeExp,10-11,26,22,61.54,0.39,46.15,50.0,26.92,57.35,19.68,2.74,1.26,50.0,13.78,50.0,18.19,152.86
RangeExp,11-12,39,32,43.59,0.32,33.33,38.46,23.08,39.09,13.5,-0.63,-2.3,43.59,2.7,35.9,-6.01,132.64
RangeExp,12-13,60,49,45.0,0.23,31.67,31.67,18.33,28.45,17.82,-3.38,-5.79,35.0,-5.18,30.0,-8.74,106.51
RangeExp,13-14,88,75,51.14,0.25,34.09,46.59,29.55,39.23,0.07,-9.33,-11.8,37.5,-1.01,38.64,1.79,86.93
RangeExp,14-15,96,77,50.0,0.26,51.04,56.25,44.79,69.5,44.27,62.89,53.84,37.5,-7.81,34.38,-2.44,50.8
RangeExp,15-15:30,58,54,53.45,0.15,56.9,56.9,36.21,60.51,14.47,14.47,2.87,36.21,-6.71,41.38,-1.01,29.21
SessMean_cross,10-11,698,297,46.99,0.13,12.89,24.64,8.74,19.98,-0.96,0.87,-1.55,39.97,-5.0,22.78,-4.71,94.29
SessMean_cross,11-12,551,233,45.19,0.12,13.79,25.05,10.71,19.88,-0.9,0.96,-1.75,39.75,-6.52,23.41,-5.54,87.59
SessMean_cross,12-13,459,200,47.49,0.14,17.43,30.07,15.25,25.0,-2.12,-1.41,-4.37,40.31,-6.95,26.8,-5.78,84.92
SessMean_cross,13-14,428,192,48.13,0.16,26.4,38.08,20.09,31.85,-0.44,-5.75,-9.08,32.24,-7.41,31.07,-5.1,68.79
SessMean_cross,14-15,399,174,44.86,0.15,37.34,44.61,26.57,39.49,-8.96,-4.87,-10.77,29.07,-11.66,29.32,-5.07,47.8
SessMean_cross,15-15:30,150,103,54.0,0.06,34.0,34.0,17.33,24.42,1.3,1.3,-13.02,35.33,-24.47,22.0,-4.57,25.88
