,minute,preCAS_pct,CAS_pct,preCAS_pts,CAS_pts
0,0,100.0,100.0,314.4779508266656,314.4779508266656
1,1,98.75937295229117,99.0255368249567,310.57645230962953,311.413479002229
2,2,97.76678366596317,98.2478103210473,307.45497786186024,308.9677006296988
3,3,96.92904895382559,97.59277331193789,304.8204869057663,306.9077536662953
4,4,96.66704971624738,97.38817133622315,303.99655707224883,306.2643255657167
5,5,96.43861764927398,97.20988463231318,303.2781885889999,305.7036531926642
6,6,96.21655722426095,97.0366622918988,302.5798575148219,305.1589071261551
7,7,96.00317282585877,96.87029321715406,301.90881063134293,304.6357130690885
8,8,95.79691911443565,96.7095636476084,301.2601881861556,304.13025401240884
9,9,95.60798180340936,96.56239771316568,300.6660220020931,303.66744959745847
10,10,95.43664654808934,96.4289998176092,300.1272104021191,303.24794262906653
11,11,95.26244860409464,96.29342945490397,299.57939627746237,302.82160373050283
12,12,95.09541240953322,96.16348634886991,299.05410427566676,302.4129613134064
13,13,94.93026339733946,96.03506313858254,298.53474704630935,302.0090986333089
14,14,94.74592815459354,95.89178140263968,297.9550533522706,301.55850916620693
15,15,94.54975349504662,95.73936810103983,297.3381273028863,301.0792029385484
16,16,94.3632729929824,95.59455471074727,296.75168724130344,300.6237967562338
17,17,94.17713235487591,95.45007190423455,296.1663159769305,300.1694301870157
18,18,93.96733859242727,95.28730969479604,295.5065608518198,299.65757892605325
19,19,93.75924325738313,95.12594954380819,294.85214690640714,299.1501368297759
20,20,93.54496739769044,94.95988519999985,294.1782965737293,298.62790108431363
21,21,93.33704937233878,94.79883425608432,293.5244402282042,298.1214313761011
22,22,93.12965596133812,94.6382745529576,292.87223367913975,297.6165065118548
23,23,92.95267638162714,94.50132797331973,292.315671923483,297.1858397144824
24,24,92.7905141539507,94.37590174567774,291.8057074728713,296.7914018839947
25,25,92.64691695812218,94.26487869955261,291.3541259539852,296.44225888359506
26,26,92.49877103517935,94.1503820990955,290.88823969128134,296.08219232071133
27,27,92.35316768728597,94.03789358756939,290.43034926649125,295.7284407547486
28,28,92.19358628651322,93.91465525132297,289.9285009474406,295.340883360288
29,29,92.01532303580179,93.7770507204376,289.36790232952626,294.908147451315
30,30,91.81390240431008,93.62164847067602,288.734478855069,294.4194416407263
31,31,91.61157211099277,93.46562796782617,288.09819469474314,293.9287915604946
32,32,91.40103087458756,93.30336524720421,287.43608892885095,293.41851108172705
33,33,91.17047508591857,93.12578257824907,286.71104180913244,292.86005274337367
34,34,90.95901222459403,92.96300314475661,286.0460377360796,292.34814731655933
35,35,90.77638444917294,92.82249551565098,285.471713650295,291.9062818037928
36,36,90.59924656422353,92.68627851846811,284.9146540595684,291.4779093823745
37,37,90.41760182024964,92.54666451682853,284.34342139093496,291.0388541309512
38,38,90.26491051027628,92.42935847756567,283.8632408882404,290.66995250248146
39,39,90.12045538415488,92.31842557162672,283.4089613677497,290.32109297309216
40,40,89.97755896677616,92.20873347478332,282.9595836425724,289.9761355147202
41,41,89.83555489347967,92.09976969466203,282.5130121427792,289.6334684518515
42,42,89.6975598852482,91.99392370658488,282.0790482686498,289.30060615751427
43,43,89.56351815344512,91.89114931177453,281.65751657722285,288.9774033467402
44,44,89.43074668779938,91.78938720319665,281.2399795927777,288.6573839529665
45,45,89.29698367159848,91.6869038296847,280.8193244004651,288.335096340008
46,46,89.15856850649124,91.58089722048808,280.38403922560246,288.0017289276657
47,47,89.01755308160307,91.47294224767722,279.94057680706464,287.66223434135463
48,48,88.86797954978726,91.35848325863644,279.47020102923125,287.30228605808225
49,49,88.7281991907122,91.25156288262443,279.0306226203538,286.9660450505835
50,50,88.5888321415488,91.14500163956372,278.5923439800172,286.63093343703076
51,51,88.46590074012238,91.05104298159739,278.2057518278889,286.335454174834
52,52,88.35068385385915,90.9630111808777,277.843420124962,286.05861357185495
53,53,88.23629547862066,90.87564170277882,277.48369390652806,285.7838558274816
54,54,88.1178056266306,90.78517039923513,277.11106944805215,285.4993435260112
55,55,87.98481568688676,90.68366528217176,276.6928454107401,285.18013231388613
56,56,87.84614056692408,90.57786334233678,276.25674273517507,284.84740854155825
57,57,87.72004285260839,90.48169502721814,275.86019322715583,284.5449803948286
58,58,87.59548663392506,90.38673771577666,275.4684913830133,284.24636058764736
59,59,87.46349158665957,90.28614780395566,275.0533960631801,283.9300274942143
60,60,87.35378146206074,90.20257088212473,274.7083819114923,283.6671965030764
61,61,87.24725158591369,90.1214430165786,274.3733689399669,283.4120672539575
62,62,87.12884841315334,90.0313035885092,274.0010170685564,283.128598627678
63,63,87.01504861018473,89.94469906951296,273.6431417801359,282.85624651101534
64,64,86.90919851116011,89.86417129896647,273.3102665577753,282.6030044283543
65,65,86.80606940466818,89.7857385150228,272.98594825697364,282.35635061663197
66,66,86.71160604496364,89.71391794028912,272.6888818190928,282.13049074493756
67,67,86.61924704655296,89.6437173749366,272.39843313348683,281.90972544554825
68,68,86.52678937082237,89.5734617211565,272.10767412946734,281.6887869052007
69,69,86.42318160950563,89.4947572036001,271.78185056478105,281.4412785511813
70,70,86.31400506344035,89.41184962971431,271.4385143999316,281.1805525117452
71,71,86.19622930979475,89.32244330048246,271.06813562329626,280.89938931966753
72,72,86.09002771012551,89.24185120150489,270.73415500891133,280.6459449382746
73,73,85.98394539610719,89.16137622470272,270.400549521597,280.3928688802989
74,74,85.88810591221316,89.08869446846705,270.0991554765642,280.1643007826642
75,75,85.79639123656135,89.01916126503978,269.81073304396705,279.94563418938196
76,76,85.7099033883751,88.95360910694366,269.53874783127685,279.73948710587865
77,77,85.62110037352755,88.88632077062624,269.259481929912,279.52788012468227
78,78,85.53119644820988,88.81821745326855,268.97675390786026,279.3137102078108
79,79,85.44262069315786,88.75113918358241,268.6982026884434,279.10276383985183
80,80,85.35428023104542,88.68425787023216,268.4203914134414,278.892436856142
81,81,85.25881713824153,88.61200523536952,268.12018103539594,278.6652182506077
82,82,85.16788022486297,88.54319875751486,267.83420449365804,278.4488370490144
83,83,85.07975916111043,88.47654194607243,267.5570831781224,278.23921607430384
84,84,84.98981053815187,88.4085221422252,267.2742145918455,278.0253087890087
85,85,84.89202754192135,88.33460023277095,266.96670862904284,277.7928406829451
86,86,84.80156863463058,88.26623592132785,266.6822353110547,277.5778499972221
87,87,84.68746211508741,88.1800284320571,266.3233954666357,277.3067464515043
88,88,84.5670960084156,88.08912638241273,265.9448706008843,277.0208795485232
89,89,84.45040425361387,88.00103322607269,265.5779007616002,276.74384599564655
90,90,84.33922271332824,87.9171310606605,265.2282593320124,276.47999218515906
91,91,84.21842875623823,87.8260095916389,264.8483889710333,276.1934352566168
92,92,84.11344293185759,87.74684243108912,264.51823170186253,275.9444719923922
93,93,84.02203188606106,87.67793397506586,264.2307641182124,275.72777009194397
94,94,83.92793226703097,87.60702053396122,263.9348415645509,275.5047629554974
95,95,83.83897985260117,87.54000635468122,263.6551058344412,275.2940181377344
96,96,83.75449713286469,87.47637785061744,263.3894263086113,275.0939205220129
97,97,83.66234431537978,87.40699299804253,263.0996260165557,274.87572045945126
98,98,83.56421514812973,87.33313183342032,262.7910314222245,274.64344338249066
99,99,83.46889164377014,87.26140571430176,262.49126001905825,274.41788055287907
100,100,83.37442768609264,87.1903490127117,262.1941917006843,274.19442289379367
101,101,83.28113051439058,87.12019216634873,261.90079266693647,273.97379508098675
102,102,83.18918709906704,87.05107493084928,261.6116508985069,273.75643661512004
103,103,83.09386236849654,86.97943855652125,261.31187563917774,273.53115601308673
104,104,82.98473076199791,86.89745480887024,260.96868079935666,273.2733352034629
105,105,82.87224379415882,86.81298228476999,260.6149340879492,273.0076877406609
106,106,82.76567334277792,86.73298274617743,260.2797935162598,272.7561068310242
107,107,82.66113763869606,86.65453903250952,259.951051776181,272.50941864772904
108,108,82.56009340446124,86.5787421227741,259.63328993893083,272.27105407920317
109,109,82.47122919869834,86.51210371900432,259.35383160562924,272.06149099256436
110,110,82.37758626508777,86.44190395453062,259.0593452269168,271.8407282117623
111,111,82.28124277069684,86.36970349662928,258.75636618000135,271.61367369126674
112,112,82.19102885968778,86.30211851861888,258.4726633212995,271.401133837353
113,113,82.11032997973507,86.2416798684834,258.21888313728414,271.2110676088996
114,114,82.02458807278511,86.17748297122004,257.9492437453082,271.0091825218915
115,115,81.94119164103456,86.11506068711,257.6869803556765,270.81287820196303
116,116,81.86281553136044,86.0564127850947,257.44050477203564,270.6284434815025
117,117,81.77464802471374,85.99045744321148,257.16323740383814,270.4210284738874
118,118,81.68499355179587,85.92341079875474,256.8812938545816,270.21018156030186
119,119,81.60277210927451,85.86194152730297,256.6227255470003,270.01687425505224
120,120,81.5072959675243,85.79058546315083,256.3224741328959,269.79247516671603
121,121,81.39827167114461,85.70913355400202,255.97961675973784,269.53632687191566
122,122,81.29684886759921,85.63338916870296,255.6606644054773,269.2981274811609
123,123,81.18088330554295,85.54681769626282,255.29597828225815,269.0258792886307
124,124,81.06439929014294,85.45989549441654,254.9296617375876,268.7525281294511
125,125,80.94932057207087,85.3740577913549,254.56776454315695,268.4825874798262
126,126,80.8401648188095,85.29267107396174,254.2244937670912,268.2266441987231
127,127,80.71701515032767,85.20088918204661,253.83721521319967,267.9380103857984
128,128,80.58605642028637,85.10333246978755,253.4253788825372,267.6312160361922
129,129,80.44498436464634,84.99829418820788,252.98173837277136,267.30089380069694
130,130,80.31945540395253,84.90487460423887,252.58697746948746,267.0071098073604
131,131,80.19825858147468,84.81472004388137,252.20584018569207,266.72359359337133
132,132,80.0993746666762,84.74119330409312,251.89487207673665,266.4923682087756
133,133,80.02187174037937,84.68358360184799,251.65114246228768,266.3111983976778
134,134,79.94922757937599,84.62960060926653,251.422692593369,266.1414337888127
135,135,79.8753903241533,84.57474599094617,251.19049070619803,265.9689281091851
136,136,79.80355257917682,84.52139135654407,250.96457683787594,265.8011395482463
137,137,79.72535500472819,84.46332952491073,250.71866270815372,265.6185478899133
138,138,79.63820456872224,84.3986402573171,250.4445938028657,265.41511440678005
139,139,79.55490585724982,84.33682984119604,250.18263772196224,265.22073427676514
140,140,79.47304162308066,84.27610277804848,249.9251927558871,265.0297610529815
141,141,79.38197363241837,84.20857043925753,249.6388040049933,264.8173867378064
142,142,79.28884831341198,84.13953658594275,249.34594541008119,264.60029049052537
143,143,79.19588632964984,84.07064819480826,249.0536004684982,264.38365168972814
144,144,79.0861687196202,83.98937466659143,248.70856277678104,264.12806436362735
145,145,78.97572098044265,83.90759475084656,248.36122898988106,263.8708845604051
146,146,78.86970668417494,83.82913014448235,248.0278374033951,263.62413067418674
147,147,78.76468107450721,83.75142888436685,247.69755501826876,263.379777343609
148,148,78.65043641912712,83.66694288606686,247.3382807671005,263.11408750741975
149,149,78.55418310048104,83.59579084669238,247.03558530301962,262.8903300320235
150,150,78.45698324519132,83.52396613483677,246.72991318989807,262.6644571499928
151,151,78.36298390958383,83.45453230453785,246.4343060054889,262.4461030632883
152,152,78.27434033895592,83.38907796374562,246.15554152103869,262.2402635936378
153,153,78.20204900327984,83.33571494176954,245.9282012099793,262.07244865562825
154,154,78.11321463452836,83.27016117782526,245.64883670749987,261.8662965220865
155,155,78.0298949661185,83.20869774556185,245.386814721649,261.67300757979683
156,156,77.94875907502175,83.14886469096135,245.13166023394297,261.48484581577213
157,157,77.85503139879775,83.07976985683486,244.83690735839627,261.2675577972841
158,158,77.75626335543434,83.00698716539947,244.5263036395554,261.0386722807016
159,159,77.67070077932972,82.94395880111394,244.25722820354713,260.8404619722569
160,160,77.5733379984181,82.87226420216832,243.9510437252684,260.6149982666393
161,161,77.47130501847852,82.79716064100988,243.630172500787,260.3788141265104
162,162,77.37621605307531,82.72719609307863,243.3311386709247,260.15879104987107
163,163,77.27867746567144,82.6554570237863,243.02440131999174,259.9331874948184
164,164,77.18112443633463,82.58373562727577,242.717618552364,259.7076395167678
165,165,77.08799662111804,82.5152941350888,242.42475210742123,259.492406114623
166,166,76.98156859723935,82.43710979397841,242.0900594388222,259.24653360083175
167,167,76.87358180668156,82.35781504691288,241.7504647927126,258.9971691051469
168,168,76.77311980695717,82.2840772271301,241.43453395461984,258.7652799205098
169,169,76.67958997556858,82.21545487010962,241.14040325745736,258.54947773834283
170,170,76.58914361367174,82.14911997624563,240.85596939196694,258.3408691234363
171,171,76.51335149128063,82.0935518277561,240.61761987858335,258.16611954875407
172,172,76.43004809827694,82.03249678920757,240.35564907529624,257.9741149146503
173,173,76.34464322861876,81.96992344180472,240.08706959128904,257.7773355339741
174,174,76.25575256972354,81.90481978836318,239.80752806871897,257.57259889871784
175,175,76.15340563094914,81.8298906448148,239.48566951292742,257.3369632635149
176,176,76.04947127944878,81.7538321912285,239.15881889412412,257.0977761972463
177,177,75.95519321897287,81.68486885502806,238.86233518146037,256.88090171074145
178,178,75.8564594150204,81.61267554781688,238.55183913801739,256.6538696775897
179,179,75.75391854847315,81.53773042552935,238.22937072213972,256.4181837927754
180,180,75.67307446170832,81.47866601275709,237.97513389471715,256.2324392378214
181,181,75.59465939107255,81.42139561302487,237.72853578744252,256.0523364583132
182,182,75.50922779870108,81.35902247329886,237.4598722663941,255.85618668663665
183,183,75.43330465068799,81.30361049290174,237.22111070631945,255.6819282261713
184,184,75.35480213334372,81.24633491529289,236.97423759842786,255.50180916338286
185,185,75.27012365097531,81.18457497441375,236.70794244228455,255.30758776687435
186,186,75.1761462668399,81.11605925844735,236.412404290415,255.092120947309
187,187,75.08000099040405,81.04599175929287,236.11004859526292,254.87177411177254
188,188,74.97685209830553,80.97085267791712,235.78566807309107,254.63547826839203
189,189,74.88355664144596,80.90292033840616,235.49227443214477,254.4218460391494
190,190,74.791911498237,80.83621653242308,235.204070663749,254.21207727697038
191,191,74.70797719238445,80.77514847095001,234.9401157786633,254.0200316886403
192,192,74.63170335625946,80.71967339965576,234.70025138180063,253.84557482121454
193,193,74.55258692027647,80.66215048875581,234.45144763515418,253.66467794976052
194,194,74.4540861539542,80.59056187222015,234.14168444367533,253.43954753545404
195,195,74.3298922491237,80.50034430736231,233.75112199671275,253.15583318620338
196,196,74.1989018588334,80.40524340307554,233.33918610154797,252.8567618111847
197,197,74.05989506007853,80.3043830906421,232.9020403693139,252.53957836744667
198,198,73.89966578446224,80.18820195296745,232.3981546267314,252.17421430644026
199,199,73.75244435375343,80.08152640253512,231.93517568826064,251.83874322140764
200,200,73.6293072236158,79.99235656627467,231.547936564697,251.5583237475803
201,201,73.50536711162009,79.90265547754184,231.15817224024067,251.27623360186408
202,202,73.38753560261293,79.81742234329747,230.78761812528683,251.00819418786705
203,203,73.2882021409499,79.74560533522221,230.47523629056377,250.78234553252696
204,204,73.18561271663381,79.6714685957226,230.15261517120962,250.54920183333888
205,205,73.07636592768793,79.59255930036552,229.80905810798868,250.3010494982882
206,206,72.97539480874538,79.51966288619784,229.4915262022114,250.0718063487875
207,207,72.88207252254507,79.45231884170832,229.19804818890407,249.86002417767304
208,208,72.7832269406091,79.3810208246048,228.8872006283491,249.6358076345059
209,209,72.68288853447751,79.30867956684413,228.5716584648544,249.4083103294979
210,210,72.58245371653868,79.2363027351776,228.25581310748385,249.1807011523997
211,211,72.47269454225864,79.15724538421921,227.91064470536367,248.93208321512793
212,212,72.3553477157379,79.07276791051984,227.54161480996117,248.666420186928
213,213,72.24592465905039,78.99403685720098,227.19750342355837,248.4188283837866
214,214,72.13786740004151,78.91632853400678,226.8576871697078,248.17445284138375
215,215,72.02759868469326,78.83707098825865,226.51091637327772,247.92520533563948
216,216,71.92764225834,78.7652615783173,226.19657545196242,247.6993805747552
217,217,71.83313074548217,78.69739540808197,225.89935758303182,247.48595643329463
218,218,71.7434614175663,78.63303472657118,225.61736731808196,247.2835562809414
219,219,71.65493949233738,78.56952483667567,225.33898538158974,247.08383168062574
220,220,71.57751764411377,78.51400091216715,225.095510739804,246.9092211806128
221,221,71.49685815469574,78.45617719578732,224.84185443033493,246.72737834224972
222,222,71.39926227408992,78.38624225351055,224.5349369049145,246.50744836886588
223,223,71.30305862984855,78.31733745338597,224.2323976558837,246.29075796541292
224,224,71.19453894377808,78.2396502557605,223.89112717088574,246.04644885826565
225,225,71.0706079729763,78.150980914054,223.50139159346872,245.7676033294556
226,226,70.92661929535068,78.04802867691836,223.04857895064924,245.4438412437812
227,227,70.7990327310749,77.95686516455397,222.6473473377846,245.1571520981961
228,228,70.66255394353662,77.85941182387816,222.21815164342115,244.85068282942666
229,229,70.5264135757172,77.7622661486769,221.79002020445478,244.54518110073695
230,230,70.39459032175567,77.66826409987237,221.3754651366835,244.24956538392144
231,231,70.2843357343972,77.58969030067205,221.02873876966623,244.00246811030956
232,232,70.17004204421276,77.50828413173967,220.66931031485,243.74646365840454
233,233,70.05636883008562,77.42736662116265,220.31183312042413,243.49199592928198
234,234,69.94993994646391,77.35164830325752,219.9771377481229,243.25387851473351
235,235,69.84897191489077,77.27985306539512,219.65961555144168,243.0280983219127
236,236,69.74924679143466,77.20897802653506,219.34600202673755,242.80521195205802
237,237,69.64261659343047,77.13323566182203,219.01067356509157,242.56701891560078
238,238,69.53890101325055,77.05960353982249,218.68451093385374,242.33546212718647
239,239,69.4230072268576,76.9773722885208,218.3200505292698,242.07686297315377
240,240,69.30231276153593,76.89178732326398,217.940493047965,241.80771712819842
241,241,69.17851413587705,76.80405708159553,217.55117366684135,241.5318248619442
242,242,69.06050574211156,76.72048297766177,217.18006328832416,241.26900273247156
243,243,68.93033298676632,76.62835408238944,216.77069867477985,240.97927767049987
244,244,68.81308270240228,76.54542510054553,216.40197238317342,240.71848430775572
245,245,68.70019376219345,76.46562944721215,216.0469615572947,240.46754457230418
246,246,68.59219663441255,76.38933636755546,215.7073344028977,240.22761965877726
247,247,68.48687843368212,76.3149780895653,215.3761318833931,239.99377926988382
248,248,68.38810717216722,76.24528025020606,215.0655180441754,239.77459493289643
249,249,68.26576860837429,76.1590034141824,214.68079023568862,239.50327330693108
250,250,68.1360544835745,76.067587251502,214.2728679140855,239.21578963180946
251,251,67.98438095328915,75.96077659637326,213.79588810409768,238.87989367229602
252,252,67.82143145539074,75.84612345413258,213.28344786222442,238.51933482001914
253,253,67.62930106274312,75.71106960077422,212.67924014051096,238.09462022946536
254,254,67.4540448392427,75.58800160787814,212.12809796015063,237.70759852728224
255,255,67.26083207229146,75.45246263030434,211.52048640990688,237.28135832803673
256,256,67.06519644523475,75.31537269275506,210.90525549885206,236.85024070164218
257,257,66.85219439430502,75.16628445699735,210.23541101386945,236.38139107290772
258,258,66.63866525180696,75.01700733142238,209.56390894212382,235.9119474273466
259,259,66.42192922816841,74.86567374430993,208.8823219362821,235.4360366636829
260,260,66.2164904542679,74.72240184488822,208.23626228991634,234.98547813027108
261,261,66.01241338709092,74.58024775837997,207.594484910951,234.53843487200356
262,262,65.81491972305493,74.44283996695474,206.97341088327812,234.1063176652533
263,263,65.65706887564585,74.3331280843127,206.4770047729835,233.7612979849073
264,264,65.49716442549041,74.22209273468012,205.9741405348541,233.41211629268946
265,265,65.3147861425487,74.09558007637789,205.4006010479061,233.01426187732432
266,266,65.13222370463008,73.96907716805428,204.82648243416043,232.61643812349212
267,267,64.9611896915145,73.85068808197099,204.28861817449797,232.24413055157493
268,268,64.7889470738669,73.73158564544379,203.74695312006952,231.86957964979956
269,269,64.61350825622083,73.61040085652455,203.19523672138166,231.48848020889272
270,270,64.47012442439717,73.5114543167589,202.74432618524588,231.1773151582238
271,271,64.34042970449086,73.42202921793746,202.33646488775412,230.89609293992544
272,272,64.19240113779665,73.32005006141907,201.8709476845761,230.5753909782361
273,273,64.0182690291629,73.20020728694297,201.32334059761342,230.1985118768498
274,274,63.85318104674719,73.08670879630822,200.8041752934514,229.84158414928243
275,275,63.6633002594347,72.95631014895136,200.20704208449752,229.4315091551689
276,276,63.44699534191886,72.8079549992621,199.52681081235642,228.96496492048027
277,277,63.23926643478459,72.66567338360072,198.87354920192593,228.5175206111453
278,278,63.05104264540162,72.53691461593017,198.2816268861061,228.1126026770653
279,279,62.858829244043015,72.40558751740869,197.67715812029928,227.69960790875484
280,280,62.688947461986864,72.28965419844535,197.1429173732613,227.3350231829536
281,281,62.54271043752881,72.18995960469728,196.68303417539573,227.02150566744967
282,282,62.400660761074924,72.09321104205753,196.23631926372764,226.71725277020596
283,283,62.246244652882524,71.98814241014809,195.75071465093788,226.3868350896155
284,284,62.03863762227746,71.84705054197737,195.097836315319,225.94313227380917
285,285,61.82588780557702,71.70266602830013,194.42878505137196,225.48907481388596
286,286,61.5995440956456,71.54928226087533,193.71698399055458,225.0067166851877
287,287,61.363908394675846,71.38985121842946,192.97596166672884,224.50534120992234
288,288,61.140631188814965,71.23901832494772,192.27380408507452,224.03100501732843
289,289,60.97003149239636,71.12392719780965,191.73730565566075,223.6690687991213
290,290,60.80253427921755,71.01106122197804,191.21056385196425,223.31413019114552
291,291,60.641142207471574,70.90243355937757,190.70302137194085,222.97252014376863
292,292,60.492870768472315,70.80274508685329,190.23674038891477,222.6590218781639
293,293,60.32666354360067,70.69112135769738,189.7140553140125,222.3079898620781
294,294,60.170938309546685,70.58665639390574,189.22433378903952,221.97947058461432
295,295,59.994632627414866,70.46852523381355,188.6698912926804,221.60797413306864
296,296,59.80869041742961,70.34409885924818,188.08514404099697,221.21668062004755
297,297,59.60629281183662,70.20885067152093,187.44864819840586,220.7913548907527
298,298,59.39592246987295,70.06848551389099,186.7870798578515,220.3499374193634
299,299,59.17150695803195,69.91898715701504,186.08134255487676,219.87979805014038
300,300,58.94553771689134,69.76870371761895,185.37071911583917,219.40718976949574
301,301,58.67980601650491,69.59229890481669,184.53505150976707,218.85243552903557
302,302,58.36760761956745,69.3854969893056,183.55325638856448,218.202089102866
303,303,58.019915725435325,69.15576079013577,182.45984204470733,217.47961941140966
304,304,57.65045904773773,68.91231624882505,181.29798225549166,216.71404000649636
305,305,57.255004294487534,68.65251705182168,180.0543642510238,215.89702881549601
306,306,56.892307769397874,68.41495200424104,178.91376365120232,215.14993912198406
307,307,56.56789274463052,68.2030453760453,177.89354992914014,214.48353949996817
308,308,56.288833412486106,68.02121032982349,177.01596985982178,213.91170837272512
309,309,56.01097000190715,67.84056730987845,176.14215070013597,213.34362590529054
310,310,55.76545791776207,67.68130173375411,175.3700693288847,212.8427707851224
311,311,55.48856814734802,67.50207299620268,174.49931205283792,212.27913592397817
312,312,55.2227885240709,67.33042939020318,173.66349373984121,211.73935462910595
313,313,54.92695962496478,67.13983667102482,172.7331770799792,211.13998255140905
314,314,54.60486379102997,66.93287324311605,171.72025670172297,210.4891282043609
315,315,54.25098426296675,66.70615702845939,170.60738361347467,209.77615569831687
316,316,53.91911698630649,66.49418666612215,169.56373420236923,209.10955564647884
317,317,53.55363871206864,66.26147623578328,168.41438561482937,208.37773265378928
318,318,53.206721126085554,66.04129693156494,167.32340629937244,207.68531728973903
319,319,52.85896249840102,65.82128792146914,166.22978209320718,206.99343746315571
320,320,52.49189468152371,65.58983554060961,165.07543474454724,206.26557075868914
321,321,52.1043887439054,65.34636610690066,163.85681401259353,205.49991307267192
322,322,51.70544704394382,65.09665558484308,162.60223032956128,204.7146285399067
323,323,51.2689724346526,64.82456205351164,161.22961392238358,203.85895437824365
324,324,50.832593492201816,64.55370193889581,159.85729836632527,203.00715904019307
325,325,50.45045326515493,64.31748333209728,158.65555161102384,202.26430360606173
326,326,50.03653200431176,64.06265932713605,157.35386051188834,201.46293829704518
327,327,49.62245324295198,63.80883305585814,156.05167410835566,200.66471064047073
328,328,49.24332329422803,63.57740142793582,154.85939401463838,199.93690919941582
329,329,48.8925457297283,63.364113005731525,153.75627591783996,199.26616413991724
330,330,48.51374793459705,63.13469915260493,152.5650403739346,198.5447081556922
331,331,48.20217243691484,62.946714641097714,151.58520413354563,197.9535383160328
332,332,47.86833849985228,62.74602613509742,150.53537000910728,197.32241721481842
333,333,47.49781106367797,62.524166006816415,149.37014292057574,196.6247160296989
334,334,47.01809900891116,62.23833178782071,147.8615542808766,195.72583043503982
335,335,46.48411045218915,61.9220428727906,146.18227801004832,194.73117153636122
336,336,45.85382839380152,61.55131472820277,144.2001799084028,193.5653132641237
337,337,45.17117367339399,61.153009258228295,142.05338133244368,192.31273038411746
338,338,44.407549148356004,60.71151755405162,139.65195057409437,190.9243363197529
339,339,43.71308040358366,60.31380433519493,137.46799949640263,189.67361593892565
340,340,43.05534417038218,59.940528746066754,135.3995640683861,188.4997465152992
341,341,42.43584365186359,59.59203537130327,133.4513715323883,187.40381169157627
342,342,41.88920151954116,59.287054338820845,131.7323025563055,186.44471359021554
343,343,41.42633810589434,59.030695438983,130.27669917794265,185.63852137524373
344,344,40.67649753820503,58.619113452423655,127.91861592620626,184.3441867779402
345,345,39.65984206354584,58.068580921400695,124.72145862253092,182.612883355745
346,346,38.54034227464106,57.47261767138446,121.20087862687433,180.73871033941396
347,347,37.3520628407484,56.852171642892536,117.46400181307399,178.78754438302713
348,348,35.95794283792307,56.14072267231529,113.07980179612423,176.55019423917838
349,349,34.70871239419729,55.51885572051807,109.15124749559254,174.59455979229824
350,350,33.67744431254972,55.017000981933116,105.90813676489779,173.01633729426976
351,351,32.621527406059386,54.514258714293206,102.58751091493468,171.43532371305628
352,352,31.55842782146088,54.019764723564315,99.24429712604251,169.88024914405105
353,353,30.547008370729934,53.5604718772029,96.06360596312152,168.4358744125202
354,354,29.52187223646715,53.10635046038086,92.83977885490822,167.0077626866332
355,355,28.42570588022767,52.63379435074202,89.39257736015497,165.52167791653483
356,356,27.248400878056607,52.141665356765486,85.69021271434758,163.97404074085352
357,357,26.000184535424264,51.63781402653363,81.76484753815384,162.3895394023275
358,358,24.65942062510106,51.117756175198856,77.54844066754595,160.7540721283367
359,359,23.425678063602817,50.65912468839401,73.66859234166986,159.31177722678694
360,360,22.158719137519338,50.20856775404714,69.684285873107,157.89487501234544
361,361,21.01022676761195,50.20856775404714,66.07253060282164,157.89487501234544
362,362,19.782899310303765,50.20856775404714,62.21285636514585,157.89487501234544
363,363,18.669133031611278,50.20856775404714,58.7103069949153,157.89487501234544
364,364,17.44605213211925,50.20856775404714,54.86398724524042,157.89487501234544
365,365,16.252390645976476,50.20856775404714,51.110185063811514,157.89487501234544
366,366,15.113196971163582,50.20856775404714,47.527672139312926,157.89487501234544
367,367,14.084051202920106,50.20856775404714,44.2912356163215,157.89487501234544
368,368,13.09939628917935,50.20856775404714,41.1947130208755,157.89487501234544
369,369,12.222939941869937,50.20856775404714,38.43845105996661,157.89487501234544
370,370,11.417242401986611,50.20856775404714,35.90470994668067,157.89487501234544
371,371,10.564807929175151,50.20856775404714,33.223991484443104,157.89487501234544
372,372,9.587769477024828,50.20856775404714,30.151420981332194,157.89487501234544
373,373,8.509598110890343,50.20856775404714,26.760809762712597,157.89487501234544
374,374,7.386443611564126,50.20856775404714,23.22873650861402,157.89487501234544
