index,cond,k,window,n,signals_per_day,k_share,p0_med,otm_pts_med,p_2x,p_3x,p_5x,p_10x,net_mean,net_median,p_net_pos,p_lose_half,take5_mean,take3_mean
BANKNIFTY,GO,0,09:15–09:45,0,0.0,,,,,,,,,,,,,
BANKNIFTY,GO,0,09:45–10:15,0,0.0,,,,,,,,,,,,,
BANKNIFTY,GO,0,10:15–10:45,0,0.0,,,,,,,,,,,,,
BANKNIFTY,GO,0,10:45–11:15,0,0.0,,,,,,,,,,,,,
BANKNIFTY,GO,0,11:15–11:45,2,0.013333333333333334,"{""1"": 1.0}",147.71697801908886,67.89999999999782,0.0,0.0,0.0,0.0,-23.38977843061966,-23.38977843061966,50.0,50.0,-23.38977843061966,-23.38977843061966
BANKNIFTY,GO,0,11:45–12:15,0,0.0,,,,,,,,,,,,,
BANKNIFTY,GO,0,12:15–12:45,0,0.0,,,,,,,,,,,,,
BANKNIFTY,GO,0,12:45–13:15,4,0.02666666666666667,"{""1"": 1.0}",157.255279495198,111.67499999999927,0.0,0.0,0.0,0.0,-27.566949401939578,-23.597475211098697,25.0,25.0,-27.566949401939578,-27.566949401939578
BANKNIFTY,GO,0,13:15–13:45,5,0.03333333333333333,"{""1"": 1.0}",129.27694390281613,85.44999999999709,40.0,20.0,0.0,0.0,28.397696584375552,-11.248835953137327,40.0,0.0,28.397696584375552,59.605211574441675
BANKNIFTY,GO,0,13:45–14:15,17,0.11333333333333333,"{""1"": 0.53, ""2"": 0.47}",22.95456591722177,133.9499999999971,52.94117647058824,23.52941176470588,5.88235294117647,0.0,27.864354215987568,5.773180099690967,52.94117647058824,35.294117647058826,32.73488339368256,31.533934453826127
BANKNIFTY,GO,0,14:15–14:55,87,0.58,"{""1"": 0.67, ""2"": 0.33}",22.469432375439283,131.1999999999971,43.67816091954023,27.586206896551722,12.643678160919542,2.2988505747126435,100.67740348880739,-1.2192070134184219,49.42528735632184,33.33333333333333,66.19955600671315,33.22214758028979
BANKNIFTY,GO,0,all,115,0.7666666666666667,"{""1"": 0.68, ""2"": 0.32}",24.373592042296877,125.69999999999709,42.608695652173914,25.217391304347824,10.434782608695652,1.7391304347826086,80.1527761187036,-3.7316430818727375,48.69565217391305,32.17391304347826,54.78952624982198,31.020716770464933
BANKNIFTY,GO,1,09:15–09:45,0,0.0,,,,,,,,,,,,,
BANKNIFTY,GO,1,09:45–10:15,0,0.0,,,,,,,,,,,,,
BANKNIFTY,GO,1,10:15–10:45,0,0.0,,,,,,,,,,,,,
BANKNIFTY,GO,1,10:45–11:15,0,0.0,,,,,,,,,,,,,
BANKNIFTY,GO,1,11:15–11:45,2,0.013333333333333334,,147.71697801908886,67.89999999999782,0.0,0.0,0.0,0.0,-23.38977843061966,-23.38977843061966,50.0,50.0,-23.38977843061966,-23.38977843061966
BANKNIFTY,GO,1,11:45–12:15,0,0.0,,,,,,,,,,,,,
BANKNIFTY,GO,1,12:15–12:45,0,0.0,,,,,,,,,,,,,
BANKNIFTY,GO,1,12:45–13:15,4,0.02666666666666667,,157.255279495198,111.67499999999927,0.0,0.0,0.0,0.0,-27.566949401939578,-23.597475211098697,25.0,25.0,-27.566949401939578,-27.566949401939578
BANKNIFTY,GO,1,13:15–13:45,5,0.03333333333333333,,129.27694390281613,85.44999999999709,40.0,20.0,0.0,0.0,28.397696584375552,-11.248835953137327,40.0,0.0,28.397696584375552,59.605211574441675
BANKNIFTY,GO,1,13:45–14:15,17,0.11333333333333333,,48.17428548571843,93.05000000000291,52.94117647058824,17.647058823529413,5.88235294117647,0.0,33.597139987801924,24.270590963560768,52.94117647058824,35.294117647058826,38.46766916549691,27.384306605588666
BANKNIFTY,GO,1,14:15–14:55,87,0.58,,42.28199119164674,107.29999999999927,42.5287356321839,26.436781609195403,11.494252873563218,1.1494252873563218,86.54051394368109,9.356673945609838,51.724137931034484,31.03448275862069,65.94485579668212,36.05039788788909
BANKNIFTY,GO,1,all,115,0.7666666666666667,,50.57321718996536,102.5,41.73913043478261,23.47826086956522,9.565217391304348,0.8695652173913043,70.30536714213711,3.8817867991081334,50.43478260869565,30.434782608695656,55.44429529197976,32.546926364735384
BANKNIFTY,GO,2,09:15–09:45,0,0.0,,,,,,,,,,,,,
BANKNIFTY,GO,2,09:45–10:15,0,0.0,,,,,,,,,,,,,
BANKNIFTY,GO,2,10:15–10:45,0,0.0,,,,,,,,,,,,,
BANKNIFTY,GO,2,10:45–11:15,0,0.0,,,,,,,,,,,,,
BANKNIFTY,GO,2,11:15–11:45,2,0.013333333333333334,,107.94283333945805,167.89999999999782,0.0,0.0,0.0,0.0,-29.73883877286301,-29.73883877286301,50.0,50.0,-29.73883877286301,-29.73883877286301
BANKNIFTY,GO,2,11:45–12:15,0,0.0,,,,,,,,,,,,,
BANKNIFTY,GO,2,12:15–12:45,0,0.0,,,,,,,,,,,,,
BANKNIFTY,GO,2,12:45–13:15,4,0.02666666666666667,,124.63826901735865,211.67499999999927,0.0,0.0,0.0,0.0,-35.223911175317305,-29.91453583799588,25.0,50.0,-35.223911175317305,-35.223911175317305
BANKNIFTY,GO,2,13:15–13:45,5,0.03333333333333333,,90.62182605188355,185.4499999999971,40.0,20.0,0.0,0.0,25.869588721490306,-20.794087189265763,40.0,0.0,25.869588721490306,56.46795700664896
BANKNIFTY,GO,2,13:45–14:15,17,0.11333333333333333,,22.95456591722177,193.0500000000029,52.94117647058824,35.294117647058826,11.76470588235294,0.0,35.03593859077004,5.773180099690967,52.94117647058824,35.294117647058826,43.357890988758754,41.719289442639734
BANKNIFTY,GO,2,14:15–14:55,87,0.58,,18.119853799839802,207.29999999999927,45.97701149425287,34.48275862068966,20.689655172413794,4.597701149425287,143.37146667292302,-9.290057998014433,47.12643678160919,39.08045977011494,63.76688134017851,33.74546793854646
BANKNIFTY,GO,2,all,115,0.7666666666666667,,22.95456591722177,202.5,44.34782608695652,32.17391304347826,17.391304347826086,3.4782608695652173,113.02524502563345,-9.391447139055098,46.95652173913044,37.391304347826086,54.03284734578161,32.409131251866675
BANKNIFTY,GO,3,09:15–09:45,0,0.0,,,,,,,,,,,,,
BANKNIFTY,GO,3,09:45–10:15,0,0.0,,,,,,,,,,,,,
BANKNIFTY,GO,3,10:15–10:45,0,0.0,,,,,,,,,,,,,
BANKNIFTY,GO,3,10:45–11:15,0,0.0,,,,,,,,,,,,,
BANKNIFTY,GO,3,11:15–11:45,2,0.013333333333333334,,76.45189553392265,267.8999999999978,0.0,0.0,0.0,0.0,-36.502254744864075,-36.502254744864075,50.0,50.0,-36.502254744864075,-36.502254744864075
BANKNIFTY,GO,3,11:45–12:15,0,0.0,,,,,,,,,,,,,
BANKNIFTY,GO,3,12:15–12:45,0,0.0,,,,,,,,,,,,,
BANKNIFTY,GO,3,12:45–13:15,4,0.02666666666666667,,99.26630098358055,311.6749999999993,0.0,0.0,0.0,0.0,-38.79757090612833,-37.82306818015803,25.0,50.0,-38.79757090612833,-38.79757090612833
BANKNIFTY,GO,3,13:15–13:45,5,0.03333333333333333,,61.72357182962696,285.4499999999971,40.0,20.0,0.0,0.0,22.3168106464516,-32.03530715912135,40.0,0.0,22.3168106464516,52.37225640832873
BANKNIFTY,GO,3,13:45–14:15,17,0.11333333333333333,,10.364702173026217,293.0500000000029,58.82352941176471,35.294117647058826,11.76470588235294,0.0,20.887269977994162,-39.464894609318435,29.411764705882355,41.17647058823529,20.945047740294427,27.944796510376335
BANKNIFTY,GO,3,14:15–14:55,87,0.58,,6.833641700351109,307.2999999999993,40.229885057471265,33.33333333333333,22.988505747126435,6.896551724137931,106.92309495440409,-44.86901570687678,39.08045977011494,45.97701149425287,43.02505927097635,14.398405655947464
BANKNIFTY,GO,3,all,115,0.7666666666666667,,9.224224383538512,302.5,40.869565217391305,31.30434782608696,19.130434782608695,5.217391304347826,82.9633227024093,-40.825465239902336,37.391304347826086,43.47826086956522,34.63161068067795,15.316428884097643
BANKNIFTY,LEAN,0,09:15–09:45,6,0.04,"{""1"": 1.0}",107.81563872884362,90.14999999999782,66.66666666666666,16.666666666666664,0.0,0.0,77.75244639505695,51.14732901012822,83.33333333333334,0.0,77.75244639505695,61.412640910465164
BANKNIFTY,LEAN,0,09:45–10:15,1,0.006666666666666667,"{""1"": 1.0}",120.5803899953462,135.75,0.0,0.0,0.0,0.0,-47.6886926535134,-47.6886926535134,0.0,0.0,-47.6886926535134,-47.6886926535134
BANKNIFTY,LEAN,0,10:15–10:45,0,0.0,,,,,,,,,,,,,
BANKNIFTY,LEAN,0,10:45–11:15,1,0.006666666666666667,"{""1"": 1.0}",114.13807986273969,59.25,0.0,0.0,0.0,0.0,20.97253373654484,20.97253373654484,100.0,0.0,20.97253373654484,20.97253373654484
BANKNIFTY,LEAN,0,11:15–11:45,2,0.013333333333333334,"{""1"": 1.0}",118.00807360947874,115.27499999999782,50.0,0.0,0.0,0.0,25.81999492960477,25.81999492960477,50.0,50.0,25.81999492960477,25.81999492960477
BANKNIFTY,LEAN,0,11:45–12:15,3,0.02,"{""1"": 1.0}",93.87845510743864,107.34999999999854,0.0,0.0,0.0,0.0,-41.8402470452029,-31.893676420434957,0.0,33.33333333333333,-41.8402470452029,-41.8402470452029
BANKNIFTY,LEAN,0,12:15–12:45,7,0.04666666666666667,"{""1"": 0.71, ""2"": 0.29}",62.26514986656912,81.69999999999709,14.285714285714285,0.0,0.0,0.0,-32.36865229561868,-58.51391883325302,28.57142857142857,57.14285714285714,-32.36865229561868,-32.36865229561868
BANKNIFTY,LEAN,0,12:45–13:15,16,0.10666666666666667,"{""1"": 0.75, ""2"": 0.25}",73.53570528665023,109.05000000000291,37.5,12.5,0.0,0.0,14.179853705113448,15.655196754972872,50.0,25.0,14.179853705113448,25.488921225770127
BANKNIFTY,LEAN,0,13:15–13:45,23,0.15333333333333332,"{""1"": 0.87, ""2"": 0.13}",57.335607538008844,100.30000000000291,30.434782608695656,17.391304347826086,0.0,0.0,-1.1943661399464103,-40.03235941416185,34.78260869565217,43.47826086956522,-1.1943661399464103,6.429279455222687
BANKNIFTY,LEAN,0,13:45–14:15,34,0.22666666666666666,"{""1"": 0.74, ""2"": 0.26}",60.43006122480983,115.04999999999927,41.17647058823529,14.705882352941178,0.0,0.0,7.428529608941949,-15.60179845998616,38.23529411764706,29.411764705882355,7.428529608941949,7.373379866979188
BANKNIFTY,LEAN,0,14:15–14:55,16,0.10666666666666667,"{""2"": 0.5, ""1"": 0.5}",37.9952072213955,167.75,12.5,12.5,12.5,0.0,7.840959916187934,-42.40443673128813,18.75,43.75,6.260655440576701,-17.762684120277715
BANKNIFTY,LEAN,0,all,109,0.7266666666666667,"{""1"": 0.76, ""2"": 0.24}",61.92992535988196,110.34999999999854,32.11009174311927,12.844036697247708,1.834862385321101,0.0,6.575869775538753,-27.243980941040004,37.61467889908257,33.94495412844037,6.343898476366464,5.169600970966837
BANKNIFTY,LEAN,1,09:15–09:45,6,0.04,,107.81563872884362,90.14999999999782,66.66666666666666,16.666666666666664,0.0,0.0,77.75244639505695,51.14732901012822,83.33333333333334,0.0,77.75244639505695,61.412640910465164
BANKNIFTY,LEAN,1,09:45–10:15,1,0.006666666666666667,,120.5803899953462,135.75,0.0,0.0,0.0,0.0,-47.6886926535134,-47.6886926535134,0.0,0.0,-47.6886926535134,-47.6886926535134
BANKNIFTY,LEAN,1,10:15–10:45,0,0.0,,,,,,,,,,,,,
BANKNIFTY,LEAN,1,10:45–11:15,1,0.006666666666666667,,114.13807986273969,59.25,0.0,0.0,0.0,0.0,20.97253373654484,20.97253373654484,100.0,0.0,20.97253373654484,20.97253373654484
BANKNIFTY,LEAN,1,11:15–11:45,2,0.013333333333333334,,118.00807360947874,115.27499999999782,50.0,0.0,0.0,0.0,25.81999492960477,25.81999492960477,50.0,50.0,25.81999492960477,25.81999492960477
BANKNIFTY,LEAN,1,11:45–12:15,3,0.02,,93.87845510743864,107.34999999999854,0.0,0.0,0.0,0.0,-41.8402470452029,-31.893676420434957,0.0,33.33333333333333,-41.8402470452029,-41.8402470452029
BANKNIFTY,LEAN,1,12:15–12:45,7,0.04666666666666667,,62.26514986656912,81.69999999999709,14.285714285714285,0.0,0.0,0.0,-30.770512895320266,-40.49703961117873,28.57142857142857,42.857142857142854,-30.770512895320266,-30.770512895320266
BANKNIFTY,LEAN,1,12:45–13:15,16,0.10666666666666667,,73.53570528665023,101.47500000000218,37.5,12.5,0.0,0.0,16.04949976556183,22.51855791641755,56.25,25.0,16.04949976556183,27.35856728621851
BANKNIFTY,LEAN,1,13:15–13:45,23,0.15333333333333332,,57.335607538008844,100.30000000000291,30.434782608695656,17.391304347826086,0.0,0.0,-0.40991549042313435,-40.03235941416185,34.78260869565217,39.130434782608695,-0.40991549042313435,8.118237826254465
BANKNIFTY,LEAN,1,13:45–14:15,34,0.22666666666666666,,60.43006122480983,108.59999999999854,41.17647058823529,14.705882352941178,0.0,0.0,10.151897185064184,-15.60179845998616,44.11764705882353,29.411764705882355,10.151897185064184,11.442118376289859
BANKNIFTY,LEAN,1,14:15–14:55,16,0.10666666666666667,,51.43504226885216,100.17499999999927,12.5,12.5,0.0,0.0,0.8512277806302815,-41.17011588686648,18.75,25.0,0.8512277806302815,-10.087413278494367
BANKNIFTY,LEAN,1,all,109,0.7266666666666667,,61.92992535988196,102.59999999999854,32.11009174311927,12.844036697247708,0.0,0.0,6.941947400561984,-24.766121035313972,40.36697247706422,29.357798165137616,6.941947400561984,8.298855999297942
BANKNIFTY,LEAN,2,09:15–09:45,6,0.04,,72.44044507699982,190.14999999999782,83.33333333333334,33.33333333333333,16.666666666666664,0.0,96.87800531567876,60.43015949183916,83.33333333333334,0.0,99.40079191060491,87.23273269489083
BANKNIFTY,LEAN,2,09:45–10:15,1,0.006666666666666667,,86.30288206439036,235.75,0.0,0.0,0.0,0.0,-56.02377663364736,-56.02377663364736,0.0,100.0,-56.02377663364736,-56.02377663364736
BANKNIFTY,LEAN,2,10:15–10:45,0,0.0,,,,,,,,,,,,,
BANKNIFTY,LEAN,2,10:45–11:15,1,0.006666666666666667,,76.0199568538992,159.25,0.0,0.0,0.0,0.0,20.590115732759685,20.590115732759685,100.0,0.0,20.590115732759685,20.590115732759685
BANKNIFTY,LEAN,2,11:15–11:45,2,0.013333333333333334,,83.66118803311747,215.27499999999782,50.0,50.0,0.0,0.0,38.98750717561177,38.98750717561177,50.0,50.0,38.98750717561177,53.20367767322154
BANKNIFTY,LEAN,2,11:45–12:15,3,0.02,,59.250151806436406,207.34999999999854,0.0,0.0,0.0,0.0,-51.18220297313951,-43.248251342996426,0.0,33.33333333333333,-51.18220297313951,-51.18220297313951
BANKNIFTY,LEAN,2,12:15–12:45,7,0.04666666666666667,,30.664887788010674,181.6999999999971,28.57142857142857,0.0,0.0,0.0,-35.192270430905,-64.81407463351398,28.57142857142857,57.14285714285714,-35.192270430905,-35.192270430905
BANKNIFTY,LEAN,2,12:45–13:15,16,0.10666666666666667,,41.1983815675585,201.47500000000218,37.5,25.0,0.0,0.0,13.75879284038824,10.572182921789725,50.0,31.25,13.75879284038824,34.91249404888284
BANKNIFTY,LEAN,2,13:15–13:45,23,0.15333333333333332,,29.195729907774876,200.3000000000029,34.78260869565217,17.391304347826086,8.695652173913043,0.0,3.9869625482354167,-55.09402836862407,30.434782608695656,52.17391304347826,-2.914261295415907,-4.239736177812435
BANKNIFTY,LEAN,2,13:45–14:15,34,0.22666666666666666,,32.20529134895605,208.59999999999854,52.94117647058824,20.588235294117645,2.941176470588235,0.0,9.274161050275575,-26.996767893533217,29.411764705882355,38.23529411764706,8.79184711973531,8.354508507167154
BANKNIFTY,LEAN,2,14:15–14:55,16,0.10666666666666667,,25.026092167544448,200.17499999999927,12.5,12.5,12.5,0.0,3.401378508989694,-53.15340682573495,18.75,50.0,1.8210740333784559,-22.202265527475966
BANKNIFTY,LEAN,2,all,109,0.7266666666666667,,32.78749081259775,202.59999999999854,38.53211009174312,18.34862385321101,5.5045871559633035,0.0,8.307350819426478,-33.42733308256385,33.94495412844037,41.284403669724774,6.607580414999209,5.361289928217007
BANKNIFTY,LEAN,3,09:15–09:45,6,0.04,,46.49490847869038,290.1499999999978,100.0,50.0,16.666666666666664,0.0,120.72975031688668,70.76481492065405,83.33333333333334,0.0,103.93621724377049,110.6488284309384
BANKNIFTY,LEAN,3,09:45–10:15,1,0.006666666666666667,,59.75286424272781,335.75,0.0,0.0,0.0,0.0,-64.48074246745395,-64.48074246745395,0.0,100.0,-64.48074246745395,-64.48074246745395
BANKNIFTY,LEAN,3,10:15–10:45,0,0.0,,,,,,,,,,,,,
BANKNIFTY,LEAN,3,10:45–11:15,1,0.006666666666666667,,48.04715846596446,259.25,0.0,0.0,0.0,0.0,18.76356067978582,18.76356067978582,100.0,0.0,18.76356067978582,18.76356067978582
BANKNIFTY,LEAN,3,11:15–11:45,2,0.013333333333333334,,57.66966948052186,315.2749999999978,50.0,50.0,0.0,0.0,56.888686403305044,56.888686403305044,50.0,50.0,56.888686403305044,47.941347833910655
BANKNIFTY,LEAN,3,11:45–12:15,3,0.02,,35.09371122859466,307.34999999999854,0.0,0.0,0.0,0.0,-61.37517748990159,-55.64758521922116,0.0,100.0,-61.37517748990159,-61.37517748990159
BANKNIFTY,LEAN,3,12:15–12:45,7,0.04666666666666667,,13.110250305080626,281.6999999999971,57.14285714285714,14.285714285714285,0.0,0.0,-34.31307081640549,-56.48980205441803,28.57142857142857,57.14285714285714,-34.31307081640549,-19.044368195208744
BANKNIFTY,LEAN,3,12:45–13:15,16,0.10666666666666667,,21.179139962400313,301.4750000000022,56.25,31.25,6.25,0.0,7.698794181742885,-10.782781445684847,50.0,37.5,23.452162299386007,32.79833476962318
BANKNIFTY,LEAN,3,13:15–13:45,23,0.15333333333333332,,12.69099259786708,300.3000000000029,39.130434782608695,17.391304347826086,8.695652173913043,0.0,-28.234162450879154,-57.232314234506966,17.391304347826086,60.86956521739131,-5.141286555227484,-17.89660520342781
BANKNIFTY,LEAN,3,13:45–14:15,34,0.22666666666666666,,14.593290509324106,308.59999999999854,52.94117647058824,26.47058823529412,8.823529411764707,0.0,0.3217643540946146,-45.31526720979643,26.47058823529412,47.05882352941176,1.2549194410642832,14.221321785681058
BANKNIFTY,LEAN,3,14:15–14:55,16,0.10666666666666667,,10.58197518837028,300.1749999999993,12.5,12.5,12.5,0.0,13.952872465179267,-61.06172117526294,18.75,68.75,-8.260873339209407,-31.091654458123408
BANKNIFTY,LEAN,3,all,109,0.7266666666666667,,14.576168563451574,302.59999999999854,44.95412844036697,22.93577981651376,8.256880733944955,0.0,0.6981888326189867,-50.0,30.275229357798167,51.37614678899083,3.9893464209706506,4.548920005944312
BANKNIFTY,ANY,0,09:15–09:45,1800,,"{""1"": 0.96, ""2"": 0.04}",104.55916617689218,100.59999999999854,15.944444444444445,4.5,0.2222222222222222,0.0,-0.7252859604173878,-19.412378480462873,37.05555555555556,27.055555555555554,-0.8819027744749424,-1.9602732478889753
BANKNIFTY,ANY,0,09:45–10:15,1800,,"{""1"": 0.9, ""2"": 0.1}",90.8037551557627,103.77500000000146,14.000000000000002,4.055555555555555,0.9444444444444444,0.05555555555555555,3.464041946587462,-13.405329962155804,38.611111111111114,15.833333333333332,2.779675015135704,0.5603808482350711
BANKNIFTY,ANY,0,10:15–10:45,1800,,"{""1"": 0.9, ""2"": 0.1}",86.98878012162731,102.44999999999709,12.055555555555555,5.333333333333334,1.4444444444444444,0.2777777777777778,7.58312360496884,-13.933914756089894,37.611111111111114,16.166666666666664,3.531297004694861,0.17345120409651688
BANKNIFTY,ANY,0,10:45–11:15,1800,,"{""1"": 0.87, ""2"": 0.13}",84.75357448340401,104.47499999999854,14.61111111111111,5.666666666666666,1.6111111111111112,0.05555555555555555,2.9116848134022604,-17.612794261228444,35.388888888888886,19.0,2.465115805205957,-0.33422141561484386
BANKNIFTY,ANY,0,11:15–11:45,1800,,"{""1"": 0.87, ""2"": 0.13}",81.34926866105616,103.75,11.555555555555555,2.888888888888889,0.7777777777777778,0.2777777777777778,-6.122549408968401,-20.984648561614488,32.5,20.166666666666664,-6.976533913506078,-8.199589674076702
BANKNIFTY,ANY,0,11:45–12:15,1800,,"{""1"": 0.82, ""2"": 0.18}",76.02415978710997,106.09999999999854,12.055555555555555,2.722222222222222,0.33333333333333337,0.0,-8.656880056411252,-21.37747040862094,30.944444444444446,21.333333333333336,-8.804756530442907,-9.392756400194498
BANKNIFTY,ANY,0,12:15–12:45,1800,,"{""1"": 0.76, ""2"": 0.24}",69.15409499073485,109.65000000000146,15.777777777777777,4.222222222222222,1.6111111111111112,0.16666666666666669,-2.0360127152972343,-22.504584898327774,33.611111111111114,24.22222222222222,-3.366196010717081,-6.27537657179737
BANKNIFTY,ANY,0,12:45–13:15,1800,,"{""1"": 0.73, ""2"": 0.27}",65.35679337646434,113.65000000000146,18.5,6.666666666666667,2.055555555555556,0.2777777777777778,-2.4170490487033405,-26.2127191713141,31.666666666666664,29.944444444444446,-4.269150005711072,-7.18352021049374
BANKNIFTY,ANY,0,13:15–13:45,1800,,"{""1"": 0.7, ""2"": 0.3}",60.69015399615637,117.82500000000073,21.27777777777778,8.944444444444443,1.8888888888888888,0.16666666666666669,-8.393480222088499,-35.32985005015215,29.22222222222222,38.94444444444444,-8.367395640100499,-9.556666234446762
BANKNIFTY,ANY,0,13:45–14:15,1800,,"{""1"": 0.61, ""2"": 0.39}",53.3072499711061,130.84999999999854,25.88888888888889,11.777777777777777,3.3333333333333335,0.6666666666666667,-2.286520485814202,-43.71693957617449,28.333333333333332,46.27777777777778,-7.854432238280771,-9.865138301354259
BANKNIFTY,ANY,0,14:15–14:55,2400,,"{""1"": 0.53, ""2"": 0.47}",21.677636745349446,145.54999999999927,24.833333333333332,11.791666666666668,3.791666666666667,0.8750000000000001,13.663631344802848,-32.08945593327601,33.29166666666667,40.416666666666664,3.8559112817409043,-4.399498534315857
BANKNIFTY,ANY,0,all,20400,,"{""1"": 0.78, ""2"": 0.22}",71.86932001536297,111.09999999999854,17.186274509803923,6.397058823529411,1.7009803921568627,0.27450980392156865,0.135815964146651,-23.132264826754778,33.470588235294116,27.602941176470587,-2.3473291981654962,-5.108797769055004
BANKNIFTY,ANY,1,09:15–09:45,1800,,,104.55916617689218,100.0,15.944444444444445,4.277777777777778,0.2222222222222222,0.0,-0.4568607116052104,-19.110937114524763,37.388888888888886,26.611111111111114,-0.6134775256627655,-1.805357418602298
BANKNIFTY,ANY,1,09:45–10:15,1800,,,90.8037551557627,100.0,13.055555555555557,3.5555555555555554,0.8888888888888888,0.0,3.0269927508666647,-12.723009016135457,39.0,15.055555555555555,2.8685752550992802,0.34868450267460166
BANKNIFTY,ANY,1,10:15–10:45,1800,,,86.98878012162731,100.0,11.333333333333332,4.777777777777778,1.1666666666666667,0.2777777777777778,4.978457971912903,-13.684553803254135,38.0,14.666666666666666,3.4226217614676617,0.5026859660280557
BANKNIFTY,ANY,1,10:45–11:15,1800,,,84.75357448340401,100.0,13.666666666666666,4.222222222222222,0.6666666666666667,0.05555555555555555,1.1493061241270317,-16.671663342065944,35.61111111111111,18.166666666666668,0.9419585393866167,-0.5952731367407258
BANKNIFTY,ANY,1,11:15–11:45,1800,,,81.34926866105616,100.0,9.833333333333332,2.3333333333333335,0.5,0.0,-7.073159294086663,-19.938081949763202,33.111111111111114,19.055555555555557,-7.150371763116921,-8.025082602726647
BANKNIFTY,ANY,1,11:45–12:15,1800,,,76.02415978710997,100.0,10.833333333333334,1.7777777777777777,0.2222222222222222,0.0,-7.849944311448133,-19.43373860908593,31.88888888888889,19.055555555555557,-7.954893780532279,-8.689143697736824
BANKNIFTY,ANY,1,12:15–12:45,1800,,,69.15409499073485,100.0,14.166666666666666,3.833333333333333,0.7777777777777778,0.0,-2.4313243598242473,-19.624963128417484,34.5,21.11111111111111,-2.4002564685465537,-4.297166687974841
BANKNIFTY,ANY,1,12:45–13:15,1800,,,65.35679337646434,100.0,16.833333333333332,5.555555555555555,1.2222222222222223,0.0,-3.151694727742608,-23.676361625068225,33.27777777777778,26.166666666666664,-2.951948290633419,-5.202317308903176
BANKNIFTY,ANY,1,13:15–13:45,1800,,,60.69015399615637,100.0,19.444444444444446,7.5,1.1111111111111112,0.05555555555555555,-6.269955566898464,-30.676611674015597,31.61111111111111,34.5,-6.284473359396163,-7.501435806411793
BANKNIFTY,ANY,1,13:45–14:15,1800,,,53.524960118134004,100.0,23.11111111111111,9.5,2.388888888888889,0.2777777777777778,-1.7916604061186896,-36.104447221620724,30.944444444444446,40.166666666666664,-4.754180438456239,-8.125423745533912
BANKNIFTY,ANY,1,14:15–14:55,2400,,,44.49514096681651,100.0,22.333333333333332,9.291666666666666,2.25,0.375,9.512754940941626,-25.12957240753884,36.541666666666664,34.25,4.647487751118475,-1.073237368035715
BANKNIFTY,ANY,1,all,20400,,,71.86932001536297,100.0,15.705882352941178,5.269607843137255,1.0735294117647058,0.10294117647058824,-0.6340737596672276,-20.478380521271923,34.76960784313726,24.725490196078432,-1.6482172707852485,-3.954777625880163
BANKNIFTY,ANY,2,09:15–09:45,1800,,,70.15364259881608,200.0,19.333333333333332,7.222222222222221,1.3333333333333335,0.0,-0.47506372342642916,-25.648736259461558,35.05555555555556,33.27777777777778,-0.9359479540546939,-3.0607590974560077
BANKNIFTY,ANY,2,09:45–10:15,1800,,,57.55148623661353,200.0,19.22222222222222,5.777777777777778,2.0,0.2222222222222222,5.375782855380547,-18.141378777892676,36.666666666666664,21.333333333333336,3.443193047689163,-0.06415152472265165
BANKNIFTY,ANY,2,10:15–10:45,1800,,,54.870099994093835,200.0,15.88888888888889,7.000000000000001,2.5,0.4444444444444444,9.532734400271021,-19.407296499980138,36.0,20.22222222222222,3.802143796042792,-0.7988191587473116
BANKNIFTY,ANY,2,10:45–11:15,1800,,,52.688988737830186,200.0,18.38888888888889,7.611111111111112,2.2222222222222223,0.3888888888888889,3.594202698237304,-23.95897508162854,33.72222222222222,25.222222222222225,2.048294665467392,-1.9595873339250391
BANKNIFTY,ANY,2,11:15–11:45,1800,,,49.78548876924742,200.0,14.833333333333334,4.5,1.1111111111111112,0.3888888888888889,-8.486290146809997,-27.898934552007137,29.555555555555557,27.555555555555557,-9.804346320141676,-10.90030619661022
BANKNIFTY,ANY,2,11:45–12:15,1800,,,45.22699141739031,200.0,15.277777777777779,3.4444444444444446,0.5555555555555556,0.0,-10.844463378304233,-27.639930926380146,27.88888888888889,27.666666666666668,-11.407340132221593,-12.190136781749958
BANKNIFTY,ANY,2,12:15–12:45,1800,,,39.16799572048785,200.0,19.38888888888889,6.055555555555555,2.055555555555556,0.16666666666666669,-3.028412805842913,-28.738579069425143,31.5,29.61111111111111,-5.007031050547423,-8.096804674452098
BANKNIFTY,ANY,2,12:45–13:15,1800,,,35.89343392315004,200.0,21.944444444444443,9.722222222222223,3.0,0.6111111111111112,-3.0931658500738575,-34.03673899800468,28.444444444444443,37.27777777777778,-6.007694043846562,-8.901455464037145
BANKNIFTY,ANY,2,13:15–13:45,1800,,,32.1046974738947,200.0,23.61111111111111,11.61111111111111,3.0555555555555554,0.5,-8.874358025094914,-45.12510323918152,26.38888888888889,46.38888888888889,-10.732261007382522,-12.551130616422942
BANKNIFTY,ANY,2,13:45–14:15,1800,,,26.734031691390555,200.0,27.833333333333332,14.166666666666666,4.888888888888889,1.0555555555555556,-0.41183560841774003,-52.149380586236994,25.555555555555554,52.55555555555556,-9.425154662359049,-12.676956895129097
BANKNIFTY,ANY,2,14:15–14:55,2400,,,19.757561328794054,200.0,26.583333333333332,14.083333333333334,5.333333333333334,1.0833333333333335,18.582434266727795,-41.318978501581036,30.541666666666668,46.416666666666664,2.0555074259149198,-6.74880652825063
BANKNIFTY,ANY,2,all,20400,,,41.38824076489527,200.0,20.397058823529413,8.46078431372549,2.6323529411764706,0.4607843137254902,0.7116802445490452,-30.06171262697209,31.01470588235294,33.794117647058826,-3.642835331776553,-7.076339686551762
BANKNIFTY,ANY,3,09:15–09:45,1800,,,44.6913560304738,300.0,22.77777777777778,10.944444444444445,3.3888888888888893,0.0,-0.11043002601099437,-34.66470220733815,32.94444444444444,40.38888888888889,-0.9765162848129734,-4.6893795197168595
BANKNIFTY,ANY,3,09:45–10:15,1800,,,34.34036750994619,300.0,24.11111111111111,9.444444444444445,3.111111111111111,0.5555555555555556,9.162789064088019,-25.567361970092968,34.05555555555556,29.666666666666668,2.159455896487729,-1.6082363155682196
BANKNIFTY,ANY,3,10:15–10:45,1800,,,32.31889876402602,300.0,21.055555555555554,9.833333333333332,4.055555555555555,1.277777777777778,16.444861112204993,-26.50258026318739,32.88888888888889,28.61111111111111,2.1795741665660215,-3.3229585380948383
BANKNIFTY,ANY,3,10:45–11:15,1800,,,30.384325762547633,300.0,23.333333333333332,11.38888888888889,4.222222222222222,0.9444444444444444,6.062955036296686,-32.4014432363732,30.88888888888889,35.22222222222222,0.22878303899990823,-5.036018005895343
BANKNIFTY,ANY,3,11:15–11:45,1800,,,28.21872319350814,300.0,18.777777777777775,7.722222222222222,2.055555555555556,0.7222222222222222,-11.195510674814873,-39.03119764437697,26.166666666666664,39.55555555555556,-14.45741982709173,-15.210446265445102
BANKNIFTY,ANY,3,11:45–12:15,1800,,,24.855759656367354,300.0,20.055555555555554,8.0,1.9444444444444444,0.16666666666666669,-14.481175867603351,-39.431075328587525,24.22222222222222,40.11111111111111,-15.61501532345713,-15.93145544964516
BANKNIFTY,ANY,3,12:15–12:45,1800,,,20.386150587924476,300.0,24.11111111111111,10.11111111111111,3.277777777777778,1.2222222222222223,-3.6622497130072853,-42.3620363686802,26.611111111111114,42.5,-9.830362893582183,-12.170718875007843
BANKNIFTY,ANY,3,12:45–13:15,1800,,,18.065992088837902,300.0,26.055555555555554,12.944444444444445,5.0,1.5,-2.9642959064517496,-50.0,24.0,50.44444444444445,-10.579493611086646,-14.549225702798427
BANKNIFTY,ANY,3,13:15–13:45,1800,,,15.455941581506522,300.0,26.166666666666664,15.222222222222223,5.555555555555555,1.3333333333333335,-12.959209718300615,-52.467654595296096,21.0,59.111111111111114,-13.96583276052257,-17.57615154022762
BANKNIFTY,ANY,3,13:45–14:15,1800,,,11.915386592752384,300.0,28.444444444444443,16.666666666666664,7.000000000000001,1.7777777777777777,-4.115301490953584,-55.69638485678714,20.333333333333332,64.38888888888889,-13.823405026994365,-17.586875204447963
BANKNIFTY,ANY,3,14:15–14:55,2400,,,7.667461068956527,300.0,27.125,15.833333333333332,7.041666666666667,2.25,17.87199447499935,-50.0,23.833333333333336,59.583333333333336,-5.496379128946942,-14.883733216412553
BANKNIFTY,ANY,3,all,20400,,,21.961618480965626,300.0,23.916666666666668,11.769607843137255,4.323529411764706,1.1029411764705883,0.5304492160687984,-43.47886458008928,26.90196078431373,44.950980392156865,-7.236065129184399,-11.252333209299776
