symbol,liq_rank,mean_turnover_cr,typical_abs_eod_move,n_base_days,jun30_preCAS_lasthr_pct,jun30_preCAS_spike_pct,jun30_preCAS_z,jul28_preCAS_lasthr_pct,jul28_preCAS_spike_pct,jul28_preCAS_z,aug25_CAS_lasthr_pct,aug25_CAS_spike_pct,aug25_CAS_z
HDFCBANK,1,1804.18,0.05,58,-0.24,0.37,4.3,-0.52,0.31,3.5,0.08,0.48,5.9
BSE,2,1615.26,0.071,58,-0.65,0.24,1.6,-0.05,0.09,0.2,0.05,0.24,1.6
RELIANCE,3,1356.7,0.091,58,0.15,-0.02,-0.5,-0.2,0.26,1.2,0.64,0.33,1.7
ICICIBANK,4,1342.58,0.043,58,0.63,0.31,4.3,0.23,-0.62,9.2,0.04,0.13,1.4
BHARTIARTL,5,1271.96,0.055,58,-0.65,0.25,2.4,0.31,0.21,1.9,0.48,0.16,1.3
SBIN,6,1140.68,0.068,58,-0.25,0.24,1.8,-0.26,0.35,2.8,0.36,0.38,3.1
INFY,7,935.58,0.068,58,-0.3,0.54,4.6,-0.04,-0.27,2.0,0.77,1.1,10.1
LICI,8,918.94,0.067,58,-0.29,0.39,3.3,0.0,0.2,1.3,-0.36,0.71,6.5
MCX,9,901.17,0.082,58,-0.19,0.2,1.0,-0.12,0.59,4.2,0.2,0.11,0.2
PAYTM,10,880.99,0.121,58,-0.22,0.73,3.4,0.39,0.13,0.1,0.45,0.56,2.4
KALYANKJIL,11,839.15,0.096,58,-0.3,0.43,2.3,0.95,0.13,0.3,0.44,-0.07,-0.2
ETERNAL,12,744.93,0.075,58,0.17,0.28,1.9,0.67,-0.06,-0.1,-0.03,0.42,3.1
BAJFINANCE,13,674.97,0.079,58,0.23,0.09,0.1,-0.08,0.24,1.4,0.26,0.5,3.6
ATHERENERG,14,665.76,0.231,58,-0.04,-2.75,10.5,-0.07,0.41,0.7,-0.23,-0.01,-0.9
TCS,15,661.15,0.07,58,0.31,-0.1,0.3,-0.2,0.0,-0.7,0.44,0.36,2.8
IDEA,16,648.98,0.152,58,-0.76,0.0,-0.7,0.54,-0.46,1.4,-0.2,0.0,-0.7
M&M,17,635.34,0.064,58,-0.73,0.26,2.1,-0.3,0.11,0.5,0.53,0.09,0.2
HAL,18,613.09,0.081,58,-0.48,-0.02,-0.5,-0.03,-0.08,-0.0,0.25,0.22,1.2
AXISBANK,19,600.0,0.096,58,-0.3,0.45,2.5,-0.32,0.0,-0.7,0.19,0.02,-0.6
LT,20,584.36,0.064,58,0.01,0.01,-0.5,0.21,0.05,-0.1,0.55,0.07,0.0
DIXON,21,572.27,0.087,58,-0.13,-0.11,0.2,0.72,0.21,0.9,1.26,0.48,3.0
HINDALCO,22,523.26,0.081,58,-0.45,0.3,1.9,-0.1,0.38,2.5,-0.08,0.43,2.9
KAYNES,23,501.58,0.1,58,-1.44,0.31,1.4,0.08,0.82,4.8,0.64,-0.06,-0.3
MUTHOOTFIN,24,472.23,0.091,58,-0.29,-0.01,-0.6,-0.53,0.55,3.4,0.08,-0.48,2.8
POWERINDIA,25,456.08,0.098,58,0.1,0.49,2.7,0.16,0.05,-0.3,-0.05,0.09,-0.1
MARUTI,26,454.5,0.051,58,-0.18,0.44,5.1,-0.09,-0.06,0.1,0.5,0.42,4.8
SHRIRAMFIN,27,450.65,0.116,58,0.07,0.14,0.1,-0.5,0.43,1.8,0.52,0.48,2.1
TITAN,28,449.78,0.09,58,-0.25,0.55,3.7,0.06,0.23,1.2,0.48,0.25,1.3
TECHM,29,431.13,0.138,58,0.32,-0.06,-0.4,-0.07,-0.39,1.2,1.21,0.5,1.7
SWIGGY,30,427.99,0.077,58,0.06,0.1,0.2,0.3,0.86,6.9,-0.28,0.26,1.6
BEL,31,423.68,0.043,58,0.28,0.02,-0.3,0.01,0.0,-0.7,0.29,0.5,7.2
TATASTEEL,32,422.69,0.066,58,-0.12,0.21,1.4,0.09,0.0,-0.7,0.39,1.35,13.1
GVT&D,33,405.48,0.14,58,-1.26,0.77,3.0,1.17,-0.43,1.4,1.59,0.07,-0.3
DIVISLAB,34,397.0,0.088,58,-0.49,0.52,3.3,0.07,0.13,0.4,0.64,0.8,5.5
JIOFIN,35,396.0,0.053,58,-0.17,0.07,0.2,-0.09,0.32,3.4,0.96,0.1,0.6
HINDZINC,36,395.48,0.057,58,0.27,0.12,0.8,-0.1,0.22,1.9,-0.6,0.15,1.1
GRASIM,37,392.27,0.102,58,0.05,0.18,0.5,0.16,-0.03,-0.5,2.1,-0.32,1.4
APOLLOHOSP,38,390.38,0.072,58,-0.64,0.04,-0.3,-0.02,0.45,3.5,0.47,0.55,4.5
ITC,39,388.08,0.069,58,0.44,0.05,-0.2,0.05,0.12,0.5,0.45,0.39,3.1
HEROMOTOCO,40,386.42,0.067,58,-0.13,0.03,-0.4,-0.29,0.2,1.3,0.2,0.08,0.1
KOTAKBANK,41,379.43,0.08,58,0.27,0.99,7.7,-0.19,0.23,1.3,0.19,0.16,0.7
SAIL,42,374.57,0.14,58,-0.05,-0.07,-0.3,0.05,0.0,-0.7,-0.15,-0.22,0.4
NATIONALUM,43,369.39,0.083,58,-0.07,-0.16,0.6,-0.55,0.52,3.6,0.48,0.47,3.1
MOTHERSON,44,362.45,0.155,58,-0.62,0.21,0.3,-0.16,0.14,-0.1,-0.06,0.63,2.5
TVSMOTOR,45,361.54,0.088,58,-1.04,0.4,2.4,0.27,-0.36,2.1,0.09,0.54,3.5
COFORGE,46,358.24,0.086,58,-1.05,0.31,1.8,0.49,-0.33,1.9,0.23,0.01,-0.6
VEDL,47,357.07,0.071,58,0.27,-0.09,0.2,-0.5,0.06,-0.1,0.04,0.13,0.5
SUNPHARMA,48,346.9,0.049,58,-0.47,0.37,4.4,-0.42,0.04,-0.2,0.54,0.16,1.5
TMPV,49,343.07,0.076,58,-0.28,-0.2,1.1,-0.28,0.08,0.0,0.61,0.14,0.6
PFC,50,341.72,0.095,58,0.07,0.06,-0.3,-0.2,0.06,-0.3,0.84,0.3,1.5
ADANIENSOL,51,340.94,0.136,58,0.62,0.13,-0.0,-0.31,-0.47,1.6,0.9,0.61,2.3
TRENT,52,331.95,0.1,58,0.38,-0.52,2.8,0.01,-0.07,-0.2,0.69,0.07,-0.2
ASHOKLEY,53,328.67,0.075,58,-0.59,0.04,-0.3,-0.22,0.59,4.6,1.0,0.33,2.3
KEI,54,322.08,0.047,58,0.06,-1.14,15.5,-0.1,-0.09,0.6,0.45,0.59,7.8
LAURUSLABS,55,316.79,0.064,58,0.59,-0.04,-0.3,0.47,-0.23,1.7,0.22,0.22,1.6
EICHERMOT,56,314.67,0.115,58,-0.67,0.57,2.6,-0.72,0.23,0.7,0.12,0.0,-0.7
BHEL,57,313.26,0.13,58,-0.08,1.2,5.5,0.11,-0.09,-0.2,0.74,0.2,0.4
ADANIENT,58,312.75,0.075,58,0.38,0.14,0.5,0.07,-0.04,-0.3,1.04,0.51,3.9
ONGC,59,310.09,0.052,58,-0.02,0.17,1.5,0.09,-0.09,0.5,0.3,-0.09,0.4
SOLARINDS,60,295.63,0.08,58,0.01,0.54,3.8,0.03,-0.03,-0.4,-0.05,0.08,-0.0
NESTLEIND,61,291.27,0.082,58,0.34,0.65,4.6,-1.32,0.95,7.2,0.31,0.85,6.3
MANAPPURAM,62,290.05,0.093,58,0.82,-0.37,2.0,0.07,0.14,0.3,0.11,0.52,3.1
ADANIPOWER,63,285.41,0.101,58,0.15,0.25,1.0,-0.17,-0.09,-0.1,0.81,-0.04,-0.4
BHARATFORG,64,284.9,0.114,58,-0.85,0.4,1.7,0.23,0.22,0.6,0.12,0.69,3.4
NTPC,65,283.93,0.056,58,0.11,0.38,3.9,0.35,-0.25,2.3,-0.06,0.79,8.8
BDL,66,283.64,0.113,58,0.58,0.36,1.5,-0.24,-0.39,1.7,-0.62,0.07,-0.3
ADANIPORTS,67,276.84,0.054,58,0.2,-0.07,0.2,0.11,0.32,3.3,0.56,0.44,4.8
GODREJCP,68,274.17,0.111,58,-0.25,0.68,3.5,0.22,-0.06,-0.3,0.63,0.02,-0.5
INDIGO,69,271.79,0.067,58,-0.01,-0.6,5.4,0.12,0.08,0.1,1.91,-0.08,0.1
BAJAJ-AUTO,70,269.48,0.06,58,-0.03,-0.3,2.7,0.19,0.22,1.8,1.01,0.23,1.9
CUMMINSIND,71,268.71,0.126,58,-0.24,0.75,4.5,-0.27,-0.06,-0.4,-0.01,0.87,5.3
NAUKRI,72,268.5,0.078,58,-0.3,0.3,1.9,0.11,-0.17,0.8,0.84,0.37,2.5
LUPIN,73,261.27,0.079,58,-0.43,-0.08,0.0,0.2,0.11,0.3,-0.23,0.2,1.0
PERSISTENT,74,258.74,0.123,58,0.32,0.02,-0.5,-0.36,0.25,0.7,0.42,0.21,0.5
AMBER,75,257.75,0.122,58,0.05,0.03,-0.5,-0.1,0.15,0.1,0.14,0.34,1.2
MAZDOCK,76,251.46,0.07,58,-0.6,-0.4,3.2,-0.07,-0.26,1.8,1.23,0.38,3.0
COALINDIA,77,249.64,0.052,58,-0.17,0.25,2.6,-0.18,0.01,-0.5,0.3,0.32,3.5
HCLTECH,78,249.38,0.089,58,-0.33,-0.07,-0.2,-0.33,0.21,0.9,0.45,0.5,3.1
ULTRACEMCO,79,246.64,0.075,58,-0.47,0.36,2.5,-0.46,0.17,0.8,0.05,0.34,2.4
BAJAJFINSV,80,245.95,0.074,58,-0.26,-0.43,3.3,-0.39,0.19,1.0,0.29,0.15,0.7
POWERGRID,81,239.94,0.097,58,0.12,0.05,-0.4,-0.33,-0.05,-0.4,0.71,0.09,-0.0
BOSCHLTD,82,239.15,0.046,58,-0.16,0.18,1.9,0.11,0.11,0.9,0.88,0.58,7.8
HINDUNILVR,83,231.16,0.061,58,-0.12,0.36,3.3,-0.83,-0.13,0.8,0.33,0.11,0.5
DLF,84,224.65,0.112,58,0.31,-0.11,0.0,0.38,0.36,1.5,0.56,-0.43,1.9
JSWSTEEL,85,223.81,0.116,58,0.06,0.16,0.3,-0.01,0.22,0.6,0.05,0.48,2.1
POLYCAB,86,223.72,0.092,58,0.27,0.16,0.5,0.12,-0.05,-0.3,0.0,0.42,2.4
NYKAA,87,223.63,0.088,58,-0.02,0.68,4.5,0.06,-0.3,1.7,-0.05,0.6,4.0
HINDPETRO,88,222.91,0.052,58,-0.19,-0.13,1.0,0.48,0.04,-0.2,0.65,0.08,0.4
POLICYBZR,89,220.35,0.154,58,-0.96,0.71,2.4,0.06,0.44,1.3,-0.39,0.45,1.3
OFSS,90,219.03,0.148,58,-0.17,-0.64,2.2,0.04,-0.24,0.4,0.42,0.63,2.2
UNIONBANK,91,217.77,0.059,58,-0.11,-0.09,0.3,-0.31,-0.33,3.1,0.72,-0.01,-0.6
LTM,92,217.65,0.097,58,-0.3,0.08,-0.1,-0.37,-0.11,0.1,-0.04,0.18,0.6
DRREDDY,93,215.33,0.091,58,-0.56,0.24,1.1,0.15,-0.35,1.9,0.68,0.29,1.5
RECLTD,94,213.53,0.069,58,-0.07,-0.34,2.7,0.12,-0.07,-0.0,0.76,-0.06,-0.1
SUZLON,95,212.25,0.075,58,1.45,0.03,-0.4,-3.28,-0.25,1.6,0.58,0.06,-0.1
CHOLAFIN,96,206.49,0.156,58,-0.49,0.46,1.5,-2.41,0.74,2.9,1.44,0.54,1.9
MAXHEALTH,97,206.32,0.1,58,-1.03,-0.07,-0.2,0.59,-0.32,1.5,1.09,0.45,2.4
JUBLFOOD,98,204.02,0.088,58,0.02,-0.16,0.5,0.31,-0.23,1.1,1.15,0.39,2.3
ADANIGREEN,99,201.05,0.101,58,-0.03,0.18,0.5,0.11,-0.11,0.0,0.2,0.38,1.8
CGPOWER,100,200.93,0.058,58,-0.49,-0.15,1.0,0.09,0.0,-0.7,0.83,-0.33,3.2
VMM,101,200.9,0.105,58,-0.07,0.42,2.0,0.06,0.03,-0.5,0.01,0.89,5.0
TORNTPHARM,102,200.02,0.104,58,-0.97,0.68,3.8,0.32,-0.07,-0.2,0.69,0.45,2.2
BRITANNIA,103,199.97,0.072,58,-0.26,0.33,2.4,-0.2,0.2,1.2,0.54,0.42,3.3
AUBANK,104,199.31,0.114,58,0.07,-0.25,0.8,-0.03,0.25,0.8,-0.03,-0.47,2.1
HDFCAMC,105,198.51,0.062,58,-0.09,-0.0,-0.6,0.14,0.11,0.6,0.35,0.6,5.8
CANBK,106,197.24,0.061,58,0.16,0.4,3.7,-0.29,0.17,1.2,0.55,0.59,5.9
BANKBARODA,107,197.15,0.078,58,-0.26,0.29,1.9,-0.13,0.0,-0.7,0.18,0.0,-0.7
ABB,108,196.67,0.13,58,-0.1,-0.14,0.0,-0.08,-0.58,2.3,0.55,0.16,0.1
ZYDUSLIFE,109,196.6,0.08,58,-0.68,-0.02,-0.5,0.25,0.26,1.5,1.12,0.12,0.4
SIEMENS,110,194.4,0.077,58,0.08,-0.03,-0.4,0.31,0.04,-0.3,-1.25,0.5,3.7
INDUSTOWER,111,191.21,0.103,58,-0.19,0.27,1.1,-0.51,-0.28,1.1,-0.34,0.61,3.3
ASIANPAINT,112,191.03,0.063,58,-0.57,0.3,2.5,0.46,0.11,0.5,0.82,-0.01,-0.6
GAIL,113,184.77,0.062,58,-0.34,-0.64,6.3,-0.71,0.06,-0.1,0.2,0.78,7.8
SONACOMS,114,179.58,0.102,58,0.69,0.08,-0.1,0.12,-0.15,0.3,-0.2,0.47,2.4
PIDILITIND,115,174.4,0.066,58,-0.57,-0.02,-0.5,0.07,0.5,4.4,0.36,0.37,3.1
AUROPHARMA,116,171.77,0.146,58,-0.17,-0.3,0.7,-0.12,0.8,3.0,-0.25,-0.01,-0.6
CDSL,117,170.55,0.067,58,0.17,-0.35,2.9,0.73,0.0,-0.7,0.73,0.19,1.2
HDFCLIFE,118,169.31,0.075,58,-0.37,0.03,-0.4,-0.04,0.3,2.1,0.29,-0.29,2.0
NMDC,119,168.74,0.074,58,0.07,0.0,-0.7,-0.11,0.17,0.8,0.0,0.57,4.6
ASTRAL,120,168.25,0.082,58,0.02,-0.58,4.0,-0.02,-0.27,1.6,0.63,0.2,0.9
COCHINSHIP,121,164.45,0.099,58,0.52,0.4,2.0,-0.35,0.31,1.4,0.0,0.1,-0.0
FEDERALBNK,122,163.36,0.085,58,0.38,-0.36,2.2,0.06,0.08,-0.0,-0.34,0.0,-0.7
ABCAPITAL,123,159.22,0.111,58,0.09,0.05,-0.4,-0.06,-0.03,-0.5,0.23,0.95,5.1
BPCL,124,157.55,0.099,58,-0.12,0.23,0.9,0.02,0.02,-0.6,0.9,0.02,-0.6
FORTIS,125,157.36,0.042,58,-0.54,0.08,0.7,0.63,0.12,1.2,0.19,0.85,13.0
PNB,126,154.89,0.065,58,0.07,0.05,-0.2,-0.28,0.09,0.3,0.33,-0.28,2.2
SBILIFE,127,154.72,0.063,58,0.31,0.82,8.2,0.37,-0.18,1.3,-0.23,0.06,0.0
TIINDIA,128,154.71,0.134,58,-0.89,0.07,-0.3,-1.23,-0.15,0.1,0.25,0.63,2.5
DELHIVERY,129,154.6,0.101,58,0.06,-0.55,3.0,0.1,-0.1,-0.0,0.68,0.44,2.3
LTF,130,153.63,0.095,58,1.53,-0.39,2.4,0.1,0.66,4.7,0.27,0.35,2.1
VBL,131,152.73,0.095,58,0.32,0.54,3.2,0.39,-0.15,0.4,0.5,0.56,3.3
LODHA,132,152.13,0.132,58,0.14,0.12,-0.1,1.22,0.92,4.0,0.87,0.01,-0.6
APLAPOLLO,133,151.0,0.101,58,0.34,-0.12,0.1,-0.16,0.12,0.2,0.11,0.2,0.7
RADICO,134,150.03,0.104,58,-0.34,-0.3,1.2,3.71,1.63,9.9,-0.33,0.09,-0.1
HYUNDAI,135,148.79,0.068,58,-0.23,0.02,-0.5,0.28,-0.12,0.6,0.98,0.1,0.3
OIL,136,148.43,0.058,58,0.01,0.23,2.0,-0.43,0.61,6.4,-0.45,0.02,-0.4
TATAPOWER,137,146.71,0.077,58,-0.08,0.25,1.5,1.03,-0.43,3.1,0.3,0.16,0.8
BIOCON,138,146.09,0.1,58,0.14,-0.29,1.3,0.1,0.25,1.0,0.06,0.71,4.1
FORCEMOT,139,143.68,0.094,58,0.77,-0.28,1.4,-0.03,-0.28,1.4,0.89,0.01,-0.6
WIPRO,140,143.19,0.031,58,0.18,-0.12,1.9,-0.07,-0.11,1.7,0.21,0.61,12.6
TATACONSUM,141,142.92,0.077,58,-0.39,-0.08,0.1,-0.26,0.61,4.7,0.41,0.32,2.1
DMART,142,141.89,0.086,58,0.24,-0.41,2.5,-0.85,0.23,1.1,0.16,0.09,0.0
PNBHOUSING,143,138.6,0.083,58,0.64,0.12,0.3,0.75,0.47,3.1,0.42,0.23,1.2
PGEL,144,135.67,0.169,58,0.36,0.05,-0.5,0.14,0.14,-0.1,0.4,-0.4,0.9
NAM-INDIA,145,135.19,0.134,58,0.02,-0.52,1.9,0.18,0.32,0.9,0.39,-0.47,1.7
ANGELONE,146,134.42,0.087,58,0.23,-0.51,3.3,0.48,0.03,-0.4,1.16,0.0,-0.7
BANDHANBNK,147,133.03,0.055,58,0.26,-0.24,2.3,0.33,-0.05,-0.1,0.47,-0.06,0.1
ICICIGI,148,131.88,0.138,58,-0.52,-0.47,1.6,-0.42,1.07,4.6,-0.27,0.74,3.0
PAGEIND,149,130.59,0.064,58,0.25,0.01,-0.5,0.32,0.12,0.6,0.91,0.0,-0.7
MFSL,150,129.99,0.156,58,-0.3,0.09,-0.3,0.41,0.37,0.9,-0.26,0.73,2.5
UPL,151,129.23,0.103,58,0.47,0.01,-0.6,0.16,0.43,2.1,0.38,0.48,2.5
AMBUJACEM,152,126.11,0.08,58,-0.34,0.17,0.7,-1.68,0.09,0.1,1.07,0.51,3.6
VOLTAS,153,125.59,0.162,58,-0.33,0.09,-0.3,0.16,0.17,0.0,0.63,-0.06,-0.4
PATANJALI,154,125.2,0.096,58,0.32,-0.3,1.5,-0.06,-0.12,0.1,0.46,0.26,1.1
WAAREEENER,155,124.34,0.068,58,1.53,0.11,0.4,-1.4,0.07,0.0,0.11,0.08,0.1
MARICO,156,122.72,0.067,58,-0.24,0.05,-0.1,0.24,0.2,1.4,-0.06,0.83,7.7
IOC,157,121.9,0.071,58,-0.11,-0.13,0.6,-0.13,0.11,0.3,0.9,0.25,1.7
MOTILALOFS,158,120.56,0.075,58,-0.13,-0.06,-0.2,0.11,0.0,-0.7,-0.27,0.35,2.4
INDIANB,159,119.68,0.116,58,-0.15,0.15,0.2,0.04,0.11,-0.0,0.37,0.11,-0.0
GLENMARK,160,119.49,0.13,58,0.05,0.04,-0.5,-0.29,-0.06,-0.4,-0.56,0.76,3.3
GODREJPROP,161,114.48,0.13,58,-0.19,-0.13,0.0,0.42,0.5,1.9,0.5,0.61,2.5
SBICARD,162,114.02,0.06,58,-0.18,0.28,2.4,-0.35,0.18,1.3,0.08,0.24,2.0
CIPLA,163,113.5,0.108,58,-0.3,0.2,0.6,0.39,0.13,0.1,0.04,0.49,2.4
BLUESTARCO,164,108.72,0.142,58,-0.79,-0.49,1.7,0.18,-0.02,-0.6,0.19,0.2,0.3
CAMS,165,107.56,0.091,58,0.16,-0.17,0.6,0.75,-0.11,0.1,0.28,0.51,3.1
UNOMINDA,166,106.48,0.136,58,-0.55,0.55,2.1,-0.29,0.05,-0.4,-0.24,0.27,0.7
CROMPTON,167,104.48,0.113,58,0.16,-0.22,0.6,0.28,0.08,-0.2,0.29,0.0,-0.7
HAVELLS,168,104.48,0.092,58,0.3,-0.4,2.2,-0.15,0.19,0.7,-0.05,0.32,1.7
LICHSGFIN,169,103.99,0.096,58,1.01,0.18,0.6,-0.31,0.51,3.0,0.22,0.18,0.6
360ONE,170,103.6,0.186,58,-0.24,-0.72,1.9,-0.6,-0.2,0.0,-0.17,0.89,2.6
KPITTECH,171,102.75,0.166,58,-0.37,-0.23,0.3,0.38,-0.02,-0.6,1.06,0.34,0.7
INDHOTEL,172,102.09,0.121,58,0.03,0.15,0.1,0.06,0.3,1.0,0.52,-0.27,0.8
YESBANK,173,101.23,0.087,58,-0.21,0.12,0.3,-0.04,0.0,-0.7,0.4,-0.22,1.0
INDUSINDBK,174,101.12,0.117,58,0.05,-0.54,2.5,-0.3,-0.16,0.3,0.38,0.0,-0.7
RVNL,175,100.11,0.093,58,0.05,0.02,-0.6,0.12,-0.03,-0.4,0.31,0.0,-0.7
INOXWIND,176,99.88,0.113,58,0.08,-0.16,0.3,-0.4,-0.46,2.1,0.69,0.48,2.2
MPHASIS,177,98.18,0.109,58,-0.08,0.45,2.1,0.37,0.04,-0.4,-0.22,1.12,6.3
GODFRYPHLP,178,97.75,0.144,58,0.17,0.15,0.0,-0.29,0.44,1.4,1.42,0.05,-0.5
IDFCFIRSTB,179,97.02,0.135,58,0.57,-0.39,1.3,0.03,0.17,0.2,0.0,-0.33,1.0
GMRAIRPORT,180,94.73,0.098,58,-0.4,0.42,2.2,0.06,-0.1,0.0,0.69,0.81,4.9
OBEROIRLTY,181,93.72,0.108,58,-0.7,-0.06,-0.3,0.29,0.25,0.9,0.36,0.27,1.0
KFINTECH,182,91.62,0.11,58,-0.67,0.11,0.0,0.22,-0.37,1.6,0.82,0.03,-0.5
PREMIERENE,183,91.07,0.138,58,0.29,-0.13,-0.0,-0.36,-0.42,1.4,0.47,0.01,-0.6
RBLBANK,184,89.7,0.108,58,0.72,-0.3,1.2,0.43,-0.18,0.4,0.54,0.0,-0.7
JINDALSTEL,185,88.77,0.075,58,0.48,-0.11,0.3,-0.08,-0.07,-0.1,-0.01,0.36,2.5
MAHABANK,186,87.19,0.126,58,-0.72,-0.17,0.3,0.14,0.2,0.5,0.29,0.01,-0.8
MANKIND,187,86.71,0.111,58,-0.19,0.33,1.3,0.38,0.03,-0.5,0.4,0.12,0.0
BANKINDIA,188,85.65,0.079,58,-0.18,0.32,2.1,0.01,-0.04,-0.4,0.46,0.45,3.2
PIIND,189,83.38,0.094,58,-0.41,0.31,1.5,-0.16,-0.21,0.8,0.46,1.21,8.0
PRESTIGE,190,81.73,0.105,58,-0.09,-0.82,4.6,0.42,0.49,2.5,0.57,0.34,1.5
JSWENERGY,191,81.69,0.085,58,0.43,-0.47,3.1,0.28,0.11,0.2,1.03,0.42,2.7
ICICIPRULI,192,77.95,0.099,58,-0.49,0.72,4.2,-0.06,-0.03,-0.5,0.17,0.39,2.0
CONCOR,193,77.24,0.104,58,0.04,-0.02,-0.5,-0.66,0.66,3.6,-0.01,0.74,4.2
DABUR,194,74.3,0.084,58,-0.4,-0.04,-0.4,-0.26,0.32,2.0,0.31,0.27,1.6
SRF,195,73.85,0.078,58,-1.41,0.24,1.4,0.52,0.11,0.3,0.14,0.66,5.1
NHPC,196,73.65,0.078,58,0.56,0.0,-0.7,0.19,-0.23,1.3,-0.1,0.38,2.6
TATAELXSI,197,73.26,0.089,58,-0.65,-0.1,0.1,-0.01,-0.24,1.2,0.84,0.44,2.6
UNITDSPR,198,72.4,0.051,58,-0.1,0.44,5.2,0.51,0.26,2.7,-0.11,0.39,4.4
SHREECEM,199,71.26,0.108,58,-0.41,0.46,2.2,-0.15,-0.54,2.7,0.7,-0.22,0.7
PHOENIXLTD,200,70.69,0.134,58,-0.31,0.67,2.7,-0.07,0.99,4.3,-0.08,0.42,1.4
ALKEM,201,69.43,0.051,58,-0.15,0.42,4.9,-0.18,0.19,1.9,0.72,0.36,4.1
IREDA,202,66.47,0.078,58,-0.44,-0.19,1.0,0.2,-0.37,2.6,4.0,-0.14,0.5
COLPAL,203,65.65,0.098,58,0.22,-0.01,-0.6,-0.38,0.4,2.1,0.38,0.39,2.0
SAGILITY,204,64.74,0.157,58,-0.58,-0.3,0.9,-0.19,0.12,-0.3,0.21,-0.07,-0.5
SUPREMEIND,205,62.12,0.096,58,-0.19,-0.18,0.6,0.44,0.32,1.6,-0.04,0.47,2.6
IRFC,206,60.72,0.079,58,0.38,0.04,-0.3,-0.4,0.29,1.8,0.31,0.08,0.0
PETRONET,207,57.25,0.09,58,-0.09,-0.02,-0.5,0.09,0.5,3.1,-0.2,0.0,-0.7
NBCC,208,54.69,0.065,58,-0.32,-0.02,-0.5,-0.15,-0.03,-0.3,0.6,0.34,2.8
BAJAJHLDNG,209,47.39,0.124,58,0.49,0.11,-0.1,0.28,-0.5,2.0,-0.26,1.34,6.6
IEX,210,41.3,0.105,58,0.34,-0.03,-0.5,0.2,0.03,-0.5,1.02,0.0,-0.7
