date,open,high,low,close
2024-08-19,80680.25,80724.4,80332.65,80424.68
2024-08-20,80722.54,80942.96,80517.95,80802.86
2024-08-21,80667.25,80952.83,80626.38,80905.3
2024-08-22,81207.24,81236.45,80954.02,81053.19
2024-08-23,81165.65,81231.49,80883.26,81086.21
2024-08-26,81388.26,81824.27,81278.44,81698.11
2024-08-27,81815.23,81919.11,81600.51,81711.76
2024-08-28,81779.84,82039.26,81578.32,81785.56
2024-08-29,81822.56,82285.83,81682.78,82134.61
2024-08-30,82637.03,82637.03,82256.02,82365.77
2024-09-02,82725.28,82725.28,82440.93,82559.84
2024-09-03,82652.69,82675.06,82400.76,82555.44
2024-09-04,81845.5,82408.54,81833.69,82352.64
2024-09-05,82469.79,82617.49,82130.44,82201.16
2024-09-06,82171.08,82254.79,80981.93,81183.93
2024-09-09,80973.75,81653.36,80895.05,81559.54
2024-09-10,81768.72,82196.55,81445.3,81921.29
2024-09-11,81928.12,82134.95,81423.14,81523.16
2024-09-12,81930.18,83116.19,81534.29,82962.71
2024-09-13,83091.55,83092.93,82653.22,82890.94
2024-09-16,82985.33,83184.34,82832.82,82988.78
2024-09-17,83084.63,83152.41,82866.68,83079.66
2024-09-18,83037.13,83326.38,82700.63,82948.23
2024-09-19,83359.17,83773.61,83071.66,83184.8
2024-09-20,83603.04,84694.46,83187.64,84544.31
2024-09-23,84651.15,84980.53,84607.38,84928.61
2024-09-24,84860.73,85163.23,84716.07,84914.04
2024-09-25,84836.45,85247.42,84743.04,85169.87
2024-09-26,85167.56,85930.43,85106.74,85836.12
2024-09-27,85893.84,85978.25,85474.58,85571.85
2024-09-30,85208.76,85359.65,84257.14,84299.78
2024-10-01,84257.17,84648.4,84098.94,84266.29
2024-10-03,83002.09,83752.81,82434.02,82497.1
2024-10-04,82244.25,83368.32,81532.68,81688.45
2024-10-07,81926.99,82137.77,80726.06,81050.0
2024-10-08,80826.56,81763.28,80813.07,81634.81
2024-10-09,81954.58,82319.21,81342.89,81467.1
2024-10-10,81832.66,82002.84,81538.94,81611.41
2024-10-11,81478.49,81671.38,81304.15,81381.36
2024-10-14,81576.93,82072.17,81541.2,81973.05
2024-10-15,82101.86,82300.44,81635.57,81820.12
2024-10-16,81646.6,81932.15,81358.26,81501.36
2024-10-17,81758.07,81781.4,80905.64,81006.61
2024-10-18,80749.26,81391.15,80409.25,81224.75
2024-10-21,81770.02,81770.02,80811.23,81151.27
2024-10-22,81155.08,81504.24,80149.53,80220.72
2024-10-23,79921.13,80646.31,79891.68,80081.98
2024-10-24,80098.3,80259.82,79813.02,80065.16
2024-10-25,80187.34,80253.19,79137.98,79402.29
2024-10-28,79653.67,80539.81,79418.82,80005.04
2024-10-29,80037.2,80450.48,79421.35,80369.03
2024-10-30,80237.85,80435.61,79821.99,79942.18
2024-10-31,80044.95,80044.95,79287.93,79389.06
2024-11-01,80023.75,80023.75,79655.55,79724.12
2024-11-04,79713.14,79713.14,78232.6,78782.24
2024-11-05,78542.16,79523.13,78296.7,79476.63
2024-11-06,79771.82,80569.73,79459.12,80378.13
2024-11-07,80563.42,80563.42,79419.34,79541.79
2024-11-08,79611.9,79807.26,79117.37,79486.32
2024-11-11,79298.46,80102.14,79001.34,79496.15
2024-11-12,79644.95,79820.98,78547.84,78675.18
2024-11-13,78495.53,78690.02,77533.3,77690.95
2024-11-14,77636.94,78055.52,77424.81,77580.31
2024-11-18,77863.54,77886.97,76965.06,77339.01
2024-11-19,77548.0,78451.65,77411.31,77578.38
2024-11-21,77711.11,77711.11,76802.73,77155.79
2024-11-22,77349.74,79218.19,77226.69,79117.11
2024-11-25,80193.47,80473.08,79765.99,80109.85
2024-11-26,80415.47,80482.36,79798.67,80004.06
2024-11-27,80121.03,80511.15,79844.49,80234.08
2024-11-28,80281.64,80447.4,78918.92,79043.74
2024-11-29,79032.99,79923.9,79026.18,79802.79
2024-12-02,79743.87,80337.82,79308.95,80248.08
2024-12-03,80529.2,80949.1,80244.78,80845.75
2024-12-04,81036.22,81245.39,80630.53,80956.33
2024-12-05,81182.74,82317.74,80467.37,81765.86
2024-12-06,81887.54,81925.91,81506.19,81709.12
2024-12-09,81602.58,81783.28,81411.55,81508.46
2024-12-10,81575.96,81726.34,81182.69,81510.05
2024-12-11,81568.39,81742.37,81383.42,81526.14
2024-12-12,81476.76,81680.97,81211.64,81289.96
2024-12-13,81212.45,82213.92,80082.82,82133.12
2024-12-16,82000.31,82116.44,81551.28,81748.57
2024-12-17,81511.81,81613.64,80612.2,80684.45
2024-12-18,80666.26,80868.02,80050.07,80182.2
2024-12-19,79029.03,79516.17,79020.08,79218.05
2024-12-20,79335.48,79587.15,77874.59,78041.59
2024-12-23,78488.64,78918.12,78189.19,78540.17
2024-12-24,78707.37,78877.36,78397.79,78472.87
2024-12-26,78557.28,78898.37,78173.38,78472.48
2024-12-27,78607.62,79043.15,78598.55,78699.07
2024-12-30,78637.58,79092.7,78077.13,78248.13
2024-12-31,77982.57,78305.34,77560.79,78139.01
2025-01-01,78265.07,78756.49,77898.3,78507.41
2025-01-02,78657.52,80032.87,78542.37,79943.71
2025-01-03,80072.99,80072.99,79109.73,79223.11
2025-01-06,79281.65,79532.67,77781.62,77964.99
2025-01-07,78019.8,78452.74,77925.09,78199.11
2025-01-08,78319.45,78319.45,77486.79,78148.49
2025-01-09,78206.21,78206.21,77542.92,77620.21
2025-01-10,77682.59,77919.7,77099.55,77378.91
2025-01-13,76629.9,77128.35,76249.72,76330.01
2025-01-14,76335.75,76835.61,76335.75,76499.63
2025-01-15,76900.14,76991.05,76479.7,76724.08
2025-01-16,77319.5,77319.5,76895.51,77042.82
2025-01-17,77069.19,77069.19,76263.29,76619.33
2025-01-20,76978.53,77318.94,76584.84,77073.44
2025-01-21,77261.72,77337.36,75641.87,75838.36
2025-01-22,76114.42,76463.13,75816.5,76404.99
2025-01-23,76414.52,76743.54,76202.12,76520.38
2025-01-24,76455.35,76985.95,76091.75,76190.46
2025-01-27,75700.43,75925.72,75267.59,75366.17
2025-01-28,75659.0,76512.96,75622.88,75901.41
2025-01-29,76138.24,76599.73,75975.8,76532.96
2025-01-30,76598.84,76962.88,76401.13,76759.81
2025-01-31,76888.89,77605.96,76833.87,77500.57
2025-02-01,77637.01,77899.05,77006.47,77505.96
2025-02-03,77063.94,77260.37,76756.09,77186.74
2025-02-04,77687.6,78658.59,77402.37,78583.81
2025-02-05,78704.6,78735.41,78216.25,78271.28
2025-02-06,78513.36,78551.66,77843.99,78058.16
2025-02-07,78119.6,78356.98,77475.74,77860.19
2025-02-10,77789.3,77849.58,77106.89,77311.8
2025-02-11,77384.98,77387.28,76030.59,76293.6
2025-02-12,76188.24,76459.72,75388.39,76171.08
2025-02-13,76201.1,76764.53,76013.43,76138.97
2025-02-14,76388.99,76483.06,75439.64,75939.21
2025-02-17,75641.41,76041.96,75294.76,75996.86
2025-02-18,76073.71,76091.69,75531.01,75967.39
2025-02-19,75787.27,76338.58,75581.38,75939.18
2025-02-20,75672.84,75794.15,75463.01,75735.96
2025-02-21,75612.61,75748.72,75112.41,75311.06
2025-02-24,74893.45,74907.04,74387.44,74454.41
2025-02-25,74440.3,74785.08,74400.37,74602.12
2025-02-27,74706.6,74834.09,74520.78,74612.43
2025-02-28,74201.77,74282.43,73141.27,73198.1
2025-03-03,73427.65,73649.72,72784.54,73085.94
2025-03-04,72817.34,73033.18,72633.54,72989.93
2025-03-05,73005.37,73933.8,72894.05,73730.23
2025-03-06,74308.3,74390.8,73415.68,74340.09
2025-03-07,74347.14,74586.43,74038.03,74332.58
2025-03-10,74474.98,74741.25,74022.24,74115.17
2025-03-11,73743.88,74195.17,73663.6,74102.32
2025-03-12,74270.81,74392.15,73598.16,74029.76
2025-03-13,74392.54,74401.11,73770.59,73828.91
2025-03-17,73830.03,74376.35,73796.06,74169.95
2025-03-18,74608.66,75385.76,74480.15,75301.26
2025-03-19,75473.17,75568.38,75201.48,75449.05
2025-03-20,75917.11,76456.25,75684.58,76348.06
2025-03-21,76155.0,77041.94,76095.26,76905.51
2025-03-24,77456.27,78107.23,77179.35,77984.38
2025-03-25,78296.28,78741.69,77745.63,78017.19
2025-03-26,78021.45,78167.87,77194.22,77288.5
2025-03-27,77087.39,77747.46,77082.51,77606.43
2025-03-28,77690.69,77766.7,77185.62,77414.92
2025-04-01,76882.58,77487.05,75912.18,76024.51
2025-04-02,76146.28,76680.35,76064.94,76617.44
2025-04-03,75811.86,76493.74,75807.55,76295.36
2025-04-04,76160.09,76258.12,75240.55,75364.69
2025-04-07,71449.94,73403.99,71425.01,73137.9
2025-04-08,74013.73,74859.39,73424.92,74227.08
2025-04-09,74103.83,74103.83,73673.06,73847.15
2025-04-11,74835.49,75467.33,74762.84,75157.26
2025-04-15,76852.06,76907.63,76435.07,76734.89
2025-04-16,76996.78,77110.23,76543.77,77044.29
2025-04-17,76968.02,78616.77,76665.77,78553.2
2025-04-21,78903.09,79635.05,78776.06,79408.5
2025-04-22,79728.39,79824.3,79253.44,79595.59
2025-04-23,80142.09,80254.55,79506.9,80116.49
2025-04-24,80058.43,80173.92,79724.55,79801.43
2025-04-25,79830.15,80130.66,78605.81,79212.53
2025-04-28,79343.63,80321.88,79341.35,80218.37
2025-04-29,80396.92,80661.31,80122.02,80288.38
2025-04-30,80370.8,80525.61,79879.15,80242.24
2025-05-02,80300.19,81177.93,80168.59,80501.99
2025-05-05,80661.62,81049.03,80657.71,80796.84
2025-05-06,80907.24,80981.58,80481.03,80641.07
2025-05-07,79948.8,80844.63,79937.48,80746.78
2025-05-08,80912.34,80927.99,79987.61,80334.81
2025-05-09,78968.34,80032.93,78968.34,79454.47
2025-05-12,80803.8,82495.97,80651.07,82429.9
2025-05-13,82249.6,82572.81,81043.69,81148.22
2025-05-14,81278.49,81691.87,80910.03,81330.56
2025-05-15,81354.43,82718.14,80762.16,82530.74
2025-05-16,82392.63,82514.81,82146.95,82330.59
2025-05-19,82354.92,82424.1,81964.57,82059.42
2025-05-20,82116.17,82250.42,81153.7,81186.44
2025-05-21,81327.61,82021.64,81237.06,81596.63
2025-05-22,81323.05,81323.24,80489.92,80951.99
2025-05-23,80897.0,81905.17,80897.0,81721.08
2025-05-26,81928.95,82492.24,81867.23,82176.45
2025-05-27,82038.2,82410.52,81121.7,81551.63
2025-05-28,81457.61,81613.36,81244.02,81312.32
2025-05-29,81591.03,81816.89,81106.98,81633.02
2025-05-30,81465.69,81698.21,81286.45,81451.01
2025-06-02,81214.42,81474.26,80654.26,81373.75
2025-06-03,81492.5,81774.23,80575.09,80737.51
2025-06-04,80777.65,81087.29,80705.18,80998.25
2025-06-05,81196.08,81911.13,80983.73,81442.04
2025-06-06,81434.24,82299.89,81140.11,82188.99
2025-06-09,82574.55,82669.0,82369.24,82445.21
2025-06-10,82643.73,82680.79,82240.4,82391.72
2025-06-11,82473.02,82783.51,82308.91,82515.14
2025-06-12,82571.67,82661.04,81523.16,81691.98
2025-06-13,80427.81,81238.68,80354.59,81118.6
2025-06-16,81034.45,81865.82,81012.31,81796.15
2025-06-17,81869.47,81890.15,81427.01,81583.3
2025-06-18,81314.62,81858.97,81237.01,81444.66
2025-06-19,81403.94,81583.94,81191.04,81361.87
2025-06-20,81354.85,82494.49,81323.2,82408.17
2025-06-23,81704.07,82169.67,81476.76,81896.79
2025-06-24,82534.61,83018.16,81900.12,82055.11
2025-06-25,82448.8,82815.91,82339.57,82755.51
2025-06-26,82882.92,83812.09,82816.26,83755.87
2025-06-27,83774.45,84089.35,83645.41,84058.9
2025-06-30,84027.33,84099.53,83482.13,83606.46
2025-07-01,83685.66,83874.29,83572.51,83697.29
2025-07-02,83790.72,83935.01,83150.77,83409.69
2025-07-03,83540.74,83850.09,83186.74,83239.47
2025-07-04,83306.81,83477.86,83015.83,83432.89
2025-07-07,83398.08,83516.82,83262.23,83442.5
2025-07-08,83387.03,83812.31,83320.95,83712.51
2025-07-09,83625.89,83781.36,83382.28,83536.08
2025-07-10,83658.2,83742.28,83134.97,83190.28
2025-07-11,82820.76,83040.74,82442.25,82500.47
2025-07-14,82537.87,82537.87,82010.38,82253.46
2025-07-15,82233.16,82743.62,82221.74,82570.91
2025-07-16,82534.66,82784.75,82342.94,82634.48
2025-07-17,82753.53,82757.09,82219.27,82259.24
2025-07-18,82193.62,82334.75,81608.13,81757.73
2025-07-21,81918.53,82274.03,81518.66,82200.34
2025-07-22,82527.43,82538.17,82110.63,82186.81
2025-07-23,82451.87,82786.43,82279.73,82726.64
2025-07-24,82779.95,82784.24,82047.22,82184.17
2025-07-25,82065.76,82069.51,81397.69,81463.09
2025-07-28,81299.97,81557.41,80776.44,80891.02
2025-07-29,80620.25,81429.88,80575.45,81337.95
2025-07-30,81594.52,81618.96,81187.06,81481.86
2025-07-31,80695.5,81803.27,80695.15,81185.58
2025-08-01,81074.41,81317.51,80495.57,80599.91
2025-08-04,80765.83,81093.19,80500.51,81018.72
2025-08-05,80946.43,81010.49,80554.4,80710.25
2025-08-06,80694.98,80834.43,80448.82,80543.99
2025-08-07,80262.98,80737.55,79811.29,80623.26
2025-08-08,80478.01,80550.4,79775.84,79857.79
2025-08-11,79885.36,80636.05,79772.46,80604.08
2025-08-12,80508.51,80997.67,80164.36,80235.59
2025-08-13,80492.17,80683.74,80319.0,80539.91
2025-08-14,80625.28,80751.18,80489.86,80597.66
2025-08-18,81315.79,81765.77,81202.42,81273.75
2025-08-19,81319.11,81755.88,81315.44,81644.39
2025-08-20,81671.47,81985.62,81494.5,81857.84
2025-08-21,82220.46,82231.17,81921.22,82000.71
2025-08-22,81951.48,81993.61,81291.77,81306.85
2025-08-25,81501.06,81799.06,81364.86,81635.91
2025-08-26,81377.39,81450.28,80685.98,80786.54
2025-08-28,80754.66,80775.71,80013.02,80080.57
2025-08-29,80010.83,80310.74,79741.76,79809.65
2025-09-01,79828.99,80406.84,79818.38,80364.49
2025-09-02,80520.09,80761.14,80008.5,80157.88
2025-09-03,80295.99,80671.28,80004.6,80567.71
2025-09-04,81456.67,81456.67,80608.94,80718.01
2025-09-05,81012.42,81036.56,80321.19,80710.76
2025-09-08,80904.4,81171.38,80733.07,80787.3
2025-09-09,81129.69,81181.37,80927.97,81101.32
2025-09-10,81504.36,81643.88,81235.42,81425.15
2025-09-11,81217.3,81642.22,81216.91,81548.73
2025-09-12,81758.95,81992.85,81641.38,81904.7
2025-09-15,81925.51,81998.51,81744.7,81785.74
2025-09-16,81852.11,82443.48,81779.94,82380.69
2025-09-17,82506.4,82741.95,82490.47,82693.71
2025-09-18,83108.92,83141.21,82704.92,83013.96
2025-09-19,82946.04,82978.63,82485.92,82626.23
2025-09-22,82151.07,82583.16,81997.29,82159.97
2025-09-23,82147.37,82370.38,81776.53,82102.1
2025-09-24,81917.65,82045.47,81607.84,81715.63
2025-09-25,81574.31,81840.73,81092.89,81159.68
2025-09-26,80956.01,81033.09,80332.41,80426.46
2025-09-29,80588.77,80851.38,80248.84,80364.94
2025-09-30,80541.77,80677.82,80201.15,80267.62
2025-10-01,80173.24,81068.43,80159.9,80983.31
2025-10-03,80684.14,81251.99,80649.57,81207.17
2025-10-06,81274.79,81846.42,81155.88,81790.12
2025-10-07,81883.95,82309.56,81787.48,81926.75
2025-10-08,81899.51,82257.74,81646.08,81773.66
2025-10-09,81900.0,82247.73,81667.68,82172.1
2025-10-10,82075.45,82654.11,82072.93,82500.82
2025-10-13,82049.16,82438.5,82043.14,82327.05
2025-10-14,82404.54,82573.37,81781.62,82029.98
2025-10-15,82197.25,82727.02,82084.37,82605.43
2025-10-16,82794.79,83615.48,82791.35,83467.66
2025-10-17,83331.78,84172.24,83206.08,83952.19
2025-10-20,84269.3,84656.56,84196.79,84363.37
2025-10-21,84484.67,84665.44,84286.4,84426.34
2025-10-23,85154.15,85290.06,84445.25,84556.4
2025-10-24,84667.23,84707.44,83957.15,84211.88
2025-10-27,84297.39,84932.08,84294.2,84778.84
2025-10-28,84625.71,84986.94,84219.39,84628.16
2025-10-29,84663.68,85105.83,84638.68,84997.13
2025-10-30,84750.9,84906.95,84312.65,84404.46
2025-10-31,84379.79,84712.79,83905.66,83938.71
2025-11-03,83835.1,84127.0,83609.54,83978.49
2025-11-04,84000.64,84068.01,83412.77,83459.15
2025-11-06,83516.69,83846.35,83237.65,83311.01
2025-11-07,83150.15,83390.11,82670.95,83216.28
2025-11-10,83198.2,83754.49,83197.67,83535.35
2025-11-11,83671.52,83936.47,83124.03,83871.32
2025-11-12,84238.86,84652.01,84166.75,84466.51
2025-11-13,84525.89,84919.43,84253.05,84478.67
2025-11-14,84060.14,84697.87,84029.32,84562.78
2025-11-17,84700.5,84988.09,84581.08,84950.95
2025-11-18,85042.37,85042.41,84558.36,84673.02
2025-11-19,84643.78,85236.77,84525.98,85186.47
2025-11-20,85470.92,85801.7,85201.22,85632.68
2025-11-21,85347.4,85609.4,85187.84,85231.92
2025-11-24,85320.04,85473.47,84710.11,84900.71
2025-11-25,85008.93,85110.24,84536.73,84587.01
2025-11-26,84503.44,85644.19,84478.13,85609.51
2025-11-27,85745.05,86055.86,85473.85,85720.38
2025-11-28,85791.55,85969.89,85577.82,85706.67
2025-12-01,86065.92,86159.02,85489.65,85641.9
2025-12-02,85325.51,85553.51,85053.0,85138.27
2025-12-03,85150.64,85269.68,84763.64,85106.81
2025-12-04,84987.56,85487.21,84949.98,85265.32
2025-12-05,85125.48,85796.72,85078.12,85712.37
2025-12-08,85624.84,85722.97,84875.59,85102.69
2025-12-09,84742.87,84947.89,84382.96,84666.28
2025-12-10,84607.49,85020.34,84313.62,84391.27
2025-12-11,84456.75,84906.93,84150.19,84818.13
2025-12-12,85051.03,85320.82,84956.74,85267.66
2025-12-15,84891.75,85278.63,84840.32,85213.36
2025-12-16,85025.61,85059.96,84620.61,84679.86
2025-12-17,84856.26,84889.45,84415.98,84559.65
2025-12-18,84518.33,84780.19,84238.43,84481.81
2025-12-19,84756.79,85067.5,84734.96,84929.36
2025-12-22,85145.9,85601.33,85145.86,85567.48
2025-12-23,85690.1,85704.93,85342.99,85524.84
2025-12-24,85533.11,85738.18,85342.19,85408.7
2025-12-26,85225.28,85378.51,84937.82,85041.45
2025-12-29,85004.75,85250.0,84637.86,84695.54
2025-12-30,84600.99,84806.99,84470.94,84675.08
2025-12-31,84793.58,85437.17,84705.57,85220.6
2026-01-01,85255.55,85451.7,85101.52,85188.6
2026-01-02,85259.36,85812.27,85068.88,85762.01
2026-01-05,85640.05,85883.5,85315.33,85439.62
2026-01-06,85331.14,85397.78,84900.1,85063.34
2026-01-07,84620.4,85075.99,84617.49,84961.14
2026-01-08,84778.02,84965.27,84110.1,84180.96
2026-01-09,84022.09,84406.22,83402.28,83576.24
2026-01-12,83435.31,83962.33,82861.07,83878.17
2026-01-13,84079.32,84258.03,83262.79,83627.69
2026-01-14,83358.54,83809.98,83185.2,83382.71
2026-01-16,83670.79,84134.97,83456.5,83570.35
2026-01-19,83494.49,83539.93,82898.31,83246.18
2026-01-20,83207.38,83254.28,82010.58,82180.47
2026-01-21,81794.65,82407.05,81124.45,81909.63
2026-01-22,82459.66,82783.18,81874.39,82307.37
2026-01-23,82335.94,82516.27,81471.82,81537.7
2026-01-27,81436.79,82084.92,81088.59,81857.48
2026-01-28,81892.36,82503.97,81814.75,82344.68
2026-01-29,82368.96,82689.96,81707.94,82566.37
2026-01-30,81947.31,82430.82,81941.03,82269.78
2026-02-01,82388.97,82726.65,79899.42,80722.94
2026-02-02,80555.68,81732.25,80387.25,81666.46
2026-02-03,85323.2,85871.73,83501.22,83739.13
2026-02-04,83252.06,83947.53,83119.95,83817.69
2026-02-05,83757.54,83784.17,83151.62,83313.93
2026-02-06,83249.32,83612.12,82925.35,83580.4
2026-02-09,84177.51,84314.68,83860.42,84065.75
2026-02-10,84210.0,84482.95,84063.47,84273.92
2026-02-11,84339.15,84487.34,84081.25,84233.64
2026-02-12,83968.43,84061.62,83516.67,83674.92
2026-02-13,82902.73,83079.7,82534.55,82626.76
2026-02-16,82480.4,83333.49,82276.95,83277.15
2026-02-17,83197.67,83598.0,82987.43,83450.96
2026-02-18,83553.59,83770.05,83163.62,83734.25
2026-02-19,83969.82,83979.36,82264.2,82498.14
2026-02-20,82272.49,83132.08,82206.21,82814.71
2026-02-23,82906.83,83486.15,82906.83,83294.66
2026-02-24,83052.54,83079.51,81934.73,82225.92
2026-02-25,82530.12,82957.91,82132.63,82276.07
2026-02-26,82418.78,82579.16,81970.47,82248.61
2026-02-27,82220.48,82246.17,81159.15,81287.19
2026-03-02,78543.73,80632.55,78543.73,80238.85
2026-03-04,78528.82,79527.41,78443.2,79116.19
2026-03-05,79530.48,80303.83,79201.69,80015.9
2026-03-06,79658.99,79753.03,78812.18,78918.9
2026-03-09,77056.75,77711.35,76424.55,77566.16
2026-03-10,78375.73,78526.25,77745.47,78205.98
2026-03-11,78238.91,78324.37,76759.26,76863.71
2026-03-12,76369.65,76681.71,75871.18,76034.42
2026-03-13,75444.22,75576.2,74454.6,74563.92
2026-03-16,74415.79,75805.27,73949.76,75502.85
2026-03-17,75826.68,76304.26,75324.73,76070.84
2026-03-18,76367.55,77000.22,76187.92,76704.13
2026-03-19,74750.92,75354.18,73950.95,74207.24
2026-03-20,74559.38,75286.39,74385.04,74532.96
2026-03-23,73732.58,73732.58,72558.44,72696.39
2026-03-24,74212.47,74489.39,73084.46,74068.45
2026-03-25,74652.01,75849.76,74550.47,75273.45
2026-03-27,74883.79,74904.91,73534.41,73583.22
2026-03-30,72565.22,73165.32,71774.13,71947.55
2026-04-01,73762.43,73964.58,72971.68,73134.32
2026-04-02,72262.05,73568.54,71545.81,73319.55
2026-04-06,73477.53,74207.46,72728.66,74106.85
2026-04-07,73734.36,74686.32,73282.41,74616.58
2026-04-08,77290.63,77635.54,77042.15,77562.9
2026-04-09,77319.33,77429.33,76347.9,76631.65
2026-04-10,77121.01,77622.5,76851.16,77550.25
2026-04-13,75937.16,77063.41,75868.32,76847.57
2026-04-15,77981.1,78270.42,77849.52,78111.24
2026-04-16,78677.56,78730.32,77674.93,77988.68
2026-04-17,77976.13,78553.45,77726.23,78493.54
2026-04-20,78632.9,78942.45,78203.3,78520.3
2026-04-21,78617.16,79367.08,78522.96,79273.33
2026-04-22,79019.34,79031.03,78442.3,78516.49
2026-04-23,77983.66,78178.54,77574.18,77664.0
2026-04-24,77483.8,77710.82,76403.87,76664.21
2026-04-27,76856.05,77420.04,76754.2,77303.63
2026-04-28,77094.79,77493.53,76741.06,76886.91
2026-04-29,77245.83,77982.51,77136.2,77496.36
2026-04-30,77014.21,77254.33,76258.86,76913.5
2026-05-04,77257.27,77910.75,76939.54,77269.4
2026-05-05,77103.72,77151.33,76515.03,77017.79
2026-05-06,77424.36,78022.78,76773.25,77958.52
2026-05-07,78339.24,78384.7,77713.21,77844.52
2026-05-08,77631.94,77647.44,77146.43,77328.19
2026-05-11,76638.09,76678.52,75957.4,76015.28
2026-05-12,75688.39,75741.96,74449.5,74559.24
2026-05-13,74439.34,75191.57,74134.48,74608.98
2026-05-14,74947.12,75681.88,74526.77,75398.72
2026-05-15,75497.1,75870.36,75139.41,75237.99
2026-05-18,74807.97,75466.6,74180.26,75315.04
2026-05-19,75441.27,75746.27,75115.99,75200.85
2026-05-20,74806.49,75406.18,74529.41,75318.39
2026-05-21,75732.42,75945.79,74996.78,75183.36
2026-05-22,75260.39,75810.97,75230.75,75415.35
2026-05-25,76135.82,76559.07,76097.02,76488.96
2026-05-26,76224.14,76627.04,75909.68,76009.7
2026-05-27,75939.86,76224.68,75748.21,75867.8
2026-05-29,75988.51,76220.02,74589.11,74775.74
2026-06-01,75203.02,75367.93,74203.68,74267.34
2026-06-02,73945.2,74862.19,73815.12,74649.84
2026-06-03,74507.73,74515.65,73492.6,74346.17
2026-06-04,73935.83,74544.24,73807.3,74360.01
2026-06-05,74629.94,74717.57,73988.75,74243.34
2026-06-08,73421.61,73934.35,73318.94,73524.26
2026-06-09,74035.41,74035.41,73426.18,73918.76
2026-06-10,73988.27,74613.01,73897.57,73983.18
2026-06-11,73615.99,74394.34,73518.75,73832.55
2026-06-12,74709.27,75608.02,74453.39,75527.95
2026-06-15,76725.27,76821.07,76140.44,76264.33
2026-06-16,76526.77,76846.74,76443.34,76808.48
2026-06-17,77080.09,77218.99,76768.49,77155.62
2026-06-18,77131.66,77492.33,76953.0,77409.98
2026-06-19,76852.86,76901.65,76469.72,76802.9
2026-06-22,77160.67,77325.56,77008.02,77094.07
2026-06-23,77086.05,77194.83,76082.51,76200.68
2026-06-24,76229.76,77190.37,76121.59,76991.22
2026-06-25,77391.07,77803.18,76993.16,77100.47
2026-06-29,77055.21,77252.78,76621.75,76728.37
2026-06-30,77005.51,77037.36,76329.39,76478.67
2026-07-01,76545.21,77110.08,76538.37,76922.64
2026-07-02,77083.14,77578.93,77063.95,77502.12
2026-07-03,78152.34,78157.52,77710.01,77763.91
2026-07-06,77940.9,78398.06,77879.7,78285.07
2026-07-07,78461.16,78664.92,78031.04,78180.72
2026-07-08,77816.45,77851.18,76259.03,76503.6
2026-07-09,76576.14,77326.65,76576.14,76741.82
2026-07-10,77395.63,77642.23,77320.56,77569.39
2026-07-13,76963.35,77789.29,76857.43,77616.4
2026-07-14,77272.34,77402.79,77001.48,77054.94
2026-07-15,77192.76,77646.27,76982.82,77185.43
2026-07-16,77388.42,77579.69,77086.42,77186.87
2026-07-17,77370.77,78282.55,77308.0,78151.45
2026-07-20,78151.45,78151.45,77368.29,77708.52
2026-07-21,77649.63,77753.18,77337.33,77470.11
2026-07-22,77384.95,77384.95,76641.19,76755.05
2026-07-23,76515.1,76726.66,76151.98,76391.39
2026-07-24,75708.19,76210.95,75474.43,76059.77
2026-07-27,76608.98,76901.51,76517.85,76835.78
2026-07-28,76831.75,76988.48,76672.77,76765.92
2026-07-29,77423.77,77765.49,77333.24,77654.6
2026-07-30,77638.86,78007.09,77440.91,77928.15
2026-07-31,77998.66,78272.25,77809.93,78094.64
2026-08-03,78883.34,78895.1,78497.34,78639.03
2026-08-04,79132.97,79143.15,78211.87,78428.95
2026-08-05,79055.38,79055.38,78285.74,78581.0
2026-08-06,78782.43,78954.76,78633.73,78954.76
2026-08-07,78516.08,78757.4,78377.07,78499.17
2026-08-10,78501.59,78676.98,78298.92,78542.44
2026-08-11,78509.77,78509.77,78048.26,78154.25
2026-08-12,78263.33,78263.33,77497.93,77966.35
2026-08-13,78111.91,78119.39,77665.89,78079.96
2026-08-14,77903.43,78048.91,77684.37,78009.25
2026-08-17,77892.92,77928.68,77453.75,77728.16
2026-08-18,77418.97,77575.21,77234.36,77235.46
2026-08-19,77218.05,77347.81,76822.89,76909.68
2026-08-20,77468.45,77611.11,77371.0,77537.72
2026-08-21,77701.07,77725.67,77445.86,77540.83
2026-08-24,77629.56,77789.4,77201.66,77369.11
2026-08-25,77295.49,77666.39,77125.91,77656.09
