ts,open,high,low,close,volume
2026-08-25 09:15:00,24175.75,24193.55,24135.3,24144.35,2104485.0
2026-08-25 09:16:00,24147.45,24147.45,24128.85,24138.9,1581955.0
2026-08-25 09:17:00,24140.4,24155.6,24138.95,24153.35,1485206.0
2026-08-25 09:18:00,24155.55,24172.5,24153.95,24172.35,1274826.0
2026-08-25 09:19:00,24174.4,24185.7,24167.1,24184.05,1338668.0
2026-08-25 09:20:00,24185.5,24190.3,24180.15,24188.0,1672701.0
2026-08-25 09:21:00,24190.4,24198.25,24187.8,24193.0,718057.0
2026-08-25 09:22:00,24194.35,24194.35,24180.25,24181.65,852862.0
2026-08-25 09:23:00,24182.85,24186.65,24173.7,24183.7,693874.0
2026-08-25 09:24:00,24186.7,24187.1,24175.05,24175.05,827287.0
2026-08-25 09:25:00,24176.05,24178.1,24170.8,24175.6,818404.0
2026-08-25 09:26:00,24176.85,24183.25,24172.75,24178.05,1159804.0
2026-08-25 09:27:00,24180.55,24189.3,24178.6,24188.3,756309.0
2026-08-25 09:28:00,24189.85,24189.85,24182.05,24182.85,925273.0
2026-08-25 09:29:00,24184.7,24185.4,24178.3,24181.5,808449.0
2026-08-25 09:30:00,24182.2,24187.35,24179.2,24183.2,720344.0
2026-08-25 09:31:00,24185.95,24191.95,24183.95,24191.45,645174.0
2026-08-25 09:32:00,24192.15,24194.35,24188.5,24190.35,669497.0
2026-08-25 09:33:00,24191.25,24192.85,24188.55,24190.65,466002.0
2026-08-25 09:34:00,24192.2,24197.75,24190.05,24190.9,589105.0
2026-08-25 09:35:00,24192.8,24195.2,24187.65,24188.0,458709.0
2026-08-25 09:36:00,24190.65,24190.65,24184.05,24184.5,841802.0
2026-08-25 09:37:00,24186.9,24186.9,24176.3,24177.65,581329.0
2026-08-25 09:38:00,24180.2,24182.3,24173.7,24174.85,592399.0
2026-08-25 09:39:00,24175.75,24176.6,24169.15,24172.8,531561.0
2026-08-25 09:40:00,24175.45,24175.45,24168.3,24169.25,587730.0
2026-08-25 09:41:00,24170.9,24170.9,24162.6,24162.75,479089.0
2026-08-25 09:42:00,24164.75,24165.0,24160.95,24162.9,387048.0
2026-08-25 09:43:00,24164.6,24166.35,24158.15,24158.6,489416.0
2026-08-25 09:44:00,24160.75,24160.75,24153.0,24154.85,434562.0
2026-08-25 09:45:00,24156.9,24156.9,24149.45,24153.2,551247.0
2026-08-25 09:46:00,24154.9,24160.2,24151.6,24159.85,571905.0
2026-08-25 09:47:00,24161.25,24166.1,24159.0,24163.5,412004.0
2026-08-25 09:48:00,24165.65,24165.65,24153.9,24154.2,531942.0
2026-08-25 09:49:00,24156.55,24156.55,24151.35,24154.15,401689.0
2026-08-25 09:50:00,24156.1,24159.3,24152.85,24153.3,690439.0
2026-08-25 09:51:00,24155.25,24156.3,24150.05,24150.1,521779.0
2026-08-25 09:52:00,24152.6,24152.6,24137.15,24137.25,874057.0
2026-08-25 09:53:00,24139.6,24140.85,24133.8,24135.2,991398.0
2026-08-25 09:54:00,24137.6,24140.75,24133.85,24138.1,444727.0
2026-08-25 09:55:00,24141.0,24141.0,24136.0,24137.55,329187.0
2026-08-25 09:56:00,24140.55,24143.75,24137.85,24143.15,594529.0
2026-08-25 09:57:00,24144.05,24150.1,24143.6,24146.85,403112.0
2026-08-25 09:58:00,24148.45,24148.85,24140.65,24142.1,600762.0
2026-08-25 09:59:00,24144.45,24145.8,24138.1,24138.85,622471.0
2026-08-25 10:00:00,24141.95,24142.7,24137.5,24140.25,671442.0
2026-08-25 10:01:00,24142.75,24143.4,24134.65,24134.65,488515.0
2026-08-25 10:02:00,24137.5,24137.5,24130.35,24134.05,514681.0
2026-08-25 10:03:00,24136.15,24139.65,24134.4,24138.5,424002.0
2026-08-25 10:04:00,24140.75,24144.9,24137.55,24143.9,503159.0
2026-08-25 10:05:00,24145.15,24149.5,24143.0,24146.9,396389.0
2026-08-25 10:06:00,24148.6,24149.35,24144.4,24144.4,358421.0
2026-08-25 10:07:00,24147.35,24147.35,24138.95,24138.95,367687.0
2026-08-25 10:08:00,24141.4,24142.0,24136.85,24137.8,362825.0
2026-08-25 10:09:00,24139.55,24139.55,24134.6,24135.05,444149.0
2026-08-25 10:10:00,24136.05,24142.9,24135.35,24141.35,492810.0
2026-08-25 10:11:00,24143.75,24145.55,24140.9,24142.15,645802.0
2026-08-25 10:12:00,24144.6,24144.6,24138.75,24139.4,272458.0
2026-08-25 10:13:00,24140.95,24142.0,24137.25,24138.55,419806.0
2026-08-25 10:14:00,24140.1,24141.65,24137.4,24141.2,246143.0
2026-08-25 10:15:00,24141.95,24141.95,24137.8,24138.8,267878.0
2026-08-25 10:16:00,24141.45,24142.7,24136.8,24138.55,303313.0
2026-08-25 10:17:00,24139.7,24139.7,24133.85,24137.1,399715.0
2026-08-25 10:18:00,24137.7,24138.75,24132.05,24138.15,564882.0
2026-08-25 10:19:00,24138.7,24138.7,24129.7,24134.1,362509.0
2026-08-25 10:20:00,24136.65,24136.65,24128.1,24131.05,407583.0
2026-08-25 10:21:00,24132.45,24134.3,24128.55,24130.5,377570.0
2026-08-25 10:22:00,24132.05,24132.05,24125.3,24126.3,449819.0
2026-08-25 10:23:00,24127.8,24128.6,24119.75,24119.85,578379.0
2026-08-25 10:24:00,24122.5,24124.85,24119.3,24120.5,295211.0
2026-08-25 10:25:00,24122.3,24122.9,24118.05,24120.65,348007.0
2026-08-25 10:26:00,24121.85,24121.85,24115.45,24119.1,377344.0
2026-08-25 10:27:00,24120.9,24126.45,24119.15,24121.35,566995.0
2026-08-25 10:28:00,24124.65,24127.95,24119.25,24127.3,463731.0
2026-08-25 10:29:00,24129.05,24129.05,24124.2,24126.35,270391.0
2026-08-25 10:30:00,24128.3,24130.55,24123.55,24125.9,397881.0
2026-08-25 10:31:00,24128.15,24130.7,24125.15,24129.1,355408.0
2026-08-25 10:32:00,24130.35,24131.1,24126.8,24128.3,434803.0
2026-08-25 10:33:00,24130.2,24135.15,24128.3,24134.3,240126.0
2026-08-25 10:34:00,24136.2,24137.15,24128.65,24129.75,346671.0
2026-08-25 10:35:00,24132.35,24132.55,24128.2,24131.7,383767.0
2026-08-25 10:36:00,24134.2,24134.2,24130.55,24131.85,366405.0
2026-08-25 10:37:00,24132.95,24132.95,24129.15,24130.6,252972.0
2026-08-25 10:38:00,24132.85,24132.85,24126.75,24127.95,409850.0
2026-08-25 10:39:00,24129.7,24133.45,24127.85,24131.65,274247.0
2026-08-25 10:40:00,24133.2,24133.2,24127.2,24127.85,238523.0
2026-08-25 10:41:00,24129.7,24130.55,24125.85,24128.55,360772.0
2026-08-25 10:42:00,24130.55,24133.7,24127.75,24130.2,327117.0
2026-08-25 10:43:00,24133.95,24138.2,24129.7,24136.35,398027.0
2026-08-25 10:44:00,24139.15,24140.45,24134.1,24135.95,419078.0
2026-08-25 10:45:00,24140.05,24141.05,24135.7,24138.1,548249.0
2026-08-25 10:46:00,24140.45,24145.3,24137.1,24141.0,339766.0
2026-08-25 10:47:00,24145.15,24149.35,24141.9,24148.3,327202.0
2026-08-25 10:48:00,24151.25,24154.1,24148.0,24152.55,1038509.0
2026-08-25 10:49:00,24154.45,24157.4,24151.9,24154.5,735530.0
2026-08-25 10:50:00,24157.6,24160.55,24154.3,24157.6,653117.0
2026-08-25 10:51:00,24159.6,24164.9,24156.85,24163.5,544405.0
2026-08-25 10:52:00,24165.2,24165.45,24159.75,24162.5,944816.0
2026-08-25 10:53:00,24165.25,24166.9,24159.4,24160.45,1394567.0
2026-08-25 10:54:00,24161.8,24161.8,24152.2,24155.4,877060.0
2026-08-25 10:55:00,24158.1,24160.45,24153.4,24157.25,1069442.0
2026-08-25 10:56:00,24160.75,24161.8,24147.25,24148.6,672069.0
2026-08-25 10:57:00,24150.1,24150.75,24145.7,24147.9,465214.0
2026-08-25 10:58:00,24149.9,24149.9,24143.35,24145.2,337979.0
2026-08-25 10:59:00,24147.05,24147.7,24141.9,24142.7,649419.0
2026-08-25 11:00:00,24144.55,24149.25,24142.55,24145.95,809921.0
2026-08-25 11:01:00,24146.95,24147.85,24142.3,24143.5,951351.0
2026-08-25 11:02:00,24145.25,24145.5,24139.2,24141.4,785123.0
2026-08-25 11:03:00,24142.75,24144.1,24138.5,24140.0,478654.0
2026-08-25 11:04:00,24141.45,24142.0,24137.2,24139.8,363830.0
2026-08-25 11:05:00,24141.9,24142.05,24137.95,24139.1,697016.0
2026-08-25 11:06:00,24140.7,24141.7,24136.85,24141.55,281890.0
2026-08-25 11:07:00,24143.25,24147.8,24141.65,24144.95,374375.0
2026-08-25 11:08:00,24146.9,24146.9,24141.5,24144.4,313829.0
2026-08-25 11:09:00,24145.0,24145.5,24139.85,24140.65,434309.0
2026-08-25 11:10:00,24144.25,24145.85,24139.65,24142.0,522855.0
2026-08-25 11:11:00,24144.0,24144.5,24138.45,24138.9,1157751.0
2026-08-25 11:12:00,24139.7,24139.7,24133.9,24136.9,1543972.0
2026-08-25 11:13:00,24138.5,24139.0,24133.45,24138.4,497837.0
2026-08-25 11:14:00,24140.8,24147.65,24139.2,24147.55,512021.0
2026-08-25 11:15:00,24147.75,24150.15,24144.15,24146.55,492484.0
2026-08-25 11:16:00,24148.75,24151.25,24145.05,24146.45,345615.0
2026-08-25 11:17:00,24148.35,24148.35,24141.75,24143.7,515669.0
2026-08-25 11:18:00,24145.45,24148.95,24142.8,24146.0,560209.0
2026-08-25 11:19:00,24148.85,24148.9,24141.85,24146.2,483994.0
2026-08-25 11:20:00,24147.9,24149.45,24143.4,24149.25,493031.0
2026-08-25 11:21:00,24149.9,24154.85,24146.55,24154.5,504575.0
2026-08-25 11:22:00,24153.95,24157.5,24151.25,24155.25,813782.0
2026-08-25 11:23:00,24157.0,24157.0,24150.4,24151.7,306525.0
2026-08-25 11:24:00,24153.5,24155.5,24148.35,24150.75,505292.0
2026-08-25 11:25:00,24154.5,24156.4,24150.3,24152.8,435746.0
2026-08-25 11:26:00,24154.4,24155.45,24149.85,24153.4,590825.0
2026-08-25 11:27:00,24155.15,24155.15,24145.25,24148.55,550489.0
2026-08-25 11:28:00,24150.6,24152.45,24146.75,24149.3,571635.0
2026-08-25 11:29:00,24150.15,24151.45,24145.4,24149.2,1030324.0
2026-08-25 11:30:00,24150.9,24151.25,24146.6,24150.5,551481.0
2026-08-25 11:31:00,24152.5,24153.9,24149.3,24151.6,723397.0
2026-08-25 11:32:00,24153.05,24153.1,24148.75,24151.5,321627.0
2026-08-25 11:33:00,24152.65,24157.65,24151.05,24154.0,479709.0
2026-08-25 11:34:00,24156.4,24156.4,24150.4,24151.1,395014.0
2026-08-25 11:35:00,24151.3,24151.5,24144.85,24145.45,524792.0
2026-08-25 11:36:00,24147.05,24147.05,24142.45,24142.45,353863.0
2026-08-25 11:37:00,24144.8,24145.5,24140.35,24144.55,641212.0
2026-08-25 11:38:00,24145.9,24148.6,24141.9,24145.15,696076.0
2026-08-25 11:39:00,24148.95,24154.9,24145.45,24152.95,853704.0
2026-08-25 11:40:00,24154.8,24154.8,24149.6,24151.0,599456.0
2026-08-25 11:41:00,24153.0,24153.0,24149.55,24151.3,453791.0
2026-08-25 11:42:00,24153.55,24154.15,24149.5,24151.25,375022.0
2026-08-25 11:43:00,24152.8,24155.35,24149.0,24152.05,1273631.0
2026-08-25 11:44:00,24153.25,24154.0,24148.9,24152.05,577003.0
2026-08-25 11:45:00,24154.55,24155.5,24147.5,24149.35,691594.0
2026-08-25 11:46:00,24150.65,24151.95,24141.7,24143.05,806550.0
2026-08-25 11:47:00,24146.45,24147.85,24141.15,24143.45,530001.0
2026-08-25 11:48:00,24145.1,24145.45,24138.9,24141.05,833745.0
2026-08-25 11:49:00,24143.15,24146.3,24139.75,24146.3,295912.0
2026-08-25 11:50:00,24146.9,24146.9,24139.75,24141.3,357356.0
2026-08-25 11:51:00,24145.2,24148.95,24139.9,24148.85,679206.0
2026-08-25 11:52:00,24150.25,24155.55,24148.4,24151.35,320998.0
2026-08-25 11:53:00,24154.0,24160.95,24151.15,24160.35,325502.0
2026-08-25 11:54:00,24161.5,24163.75,24158.6,24163.15,373860.0
2026-08-25 11:55:00,24163.75,24185.55,24161.0,24184.3,775203.0
2026-08-25 11:56:00,24185.65,24185.65,24175.25,24181.35,418264.0
2026-08-25 11:57:00,24185.1,24185.1,24178.0,24179.8,424069.0
2026-08-25 11:58:00,24181.9,24189.4,24181.05,24188.4,849696.0
2026-08-25 11:59:00,24188.15,24189.95,24177.6,24178.3,331119.0
2026-08-25 12:00:00,24180.45,24180.65,24169.05,24169.25,843304.0
2026-08-25 12:01:00,24172.6,24172.6,24163.95,24166.95,462799.0
2026-08-25 12:02:00,24169.0,24173.8,24163.8,24172.6,612162.0
2026-08-25 12:03:00,24174.65,24179.95,24169.8,24178.65,508879.0
2026-08-25 12:04:00,24180.35,24183.8,24177.55,24179.55,659537.0
2026-08-25 12:05:00,24181.1,24181.1,24173.45,24174.65,458764.0
2026-08-25 12:06:00,24177.5,24181.2,24173.0,24177.65,671427.0
2026-08-25 12:07:00,24180.05,24182.1,24177.4,24178.3,487719.0
2026-08-25 12:08:00,24180.65,24180.65,24172.4,24175.15,355944.0
2026-08-25 12:09:00,24176.65,24177.7,24170.35,24170.8,745036.0
2026-08-25 12:10:00,24174.05,24174.15,24166.45,24166.7,674569.0
2026-08-25 12:11:00,24170.25,24171.35,24166.25,24169.55,208969.0
2026-08-25 12:12:00,24172.35,24176.7,24168.4,24172.25,286480.0
2026-08-25 12:13:00,24175.05,24175.05,24169.7,24171.7,341100.0
2026-08-25 12:14:00,24173.55,24173.55,24170.3,24171.6,297682.0
2026-08-25 12:15:00,24174.3,24179.15,24172.45,24176.45,463719.0
2026-08-25 12:16:00,24179.9,24181.0,24175.2,24176.6,918177.0
2026-08-25 12:17:00,24178.7,24178.7,24171.85,24174.1,523332.0
2026-08-25 12:18:00,24176.4,24177.7,24172.25,24175.0,325882.0
2026-08-25 12:19:00,24178.2,24178.8,24172.35,24173.35,319507.0
2026-08-25 12:20:00,24175.5,24180.85,24173.65,24176.35,576970.0
2026-08-25 12:21:00,24177.25,24177.25,24169.25,24172.15,607721.0
2026-08-25 12:22:00,24175.75,24175.75,24167.4,24168.3,527870.0
2026-08-25 12:23:00,24173.2,24175.3,24169.05,24172.0,281550.0
2026-08-25 12:24:00,24174.75,24174.75,24168.45,24170.55,466698.0
2026-08-25 12:25:00,24173.55,24175.7,24169.8,24172.7,446385.0
2026-08-25 12:26:00,24176.35,24176.35,24170.15,24171.35,265089.0
2026-08-25 12:27:00,24173.45,24173.45,24163.8,24169.6,540983.0
2026-08-25 12:28:00,24171.3,24174.4,24168.4,24171.6,602856.0
2026-08-25 12:29:00,24174.3,24174.3,24167.8,24169.85,499101.0
2026-08-25 12:30:00,24172.25,24172.25,24161.6,24161.75,1236071.0
2026-08-25 12:31:00,24164.0,24171.6,24160.55,24171.55,1110186.0
2026-08-25 12:32:00,24172.55,24172.55,24166.3,24168.1,468935.0
2026-08-25 12:33:00,24170.8,24172.9,24165.95,24172.9,504484.0
2026-08-25 12:34:00,24174.75,24175.25,24170.95,24171.35,706226.0
2026-08-25 12:35:00,24174.2,24174.2,24165.95,24170.1,604168.0
2026-08-25 12:36:00,24169.6,24172.3,24165.85,24165.85,899264.0
2026-08-25 12:37:00,24169.5,24170.75,24163.6,24170.75,914832.0
2026-08-25 12:38:00,24172.1,24172.95,24158.25,24159.9,892227.0
2026-08-25 12:39:00,24162.85,24163.45,24158.1,24162.85,444876.0
2026-08-25 12:40:00,24164.75,24164.85,24158.35,24162.15,468458.0
2026-08-25 12:41:00,24163.8,24163.8,24158.1,24159.1,349326.0
2026-08-25 12:42:00,24161.55,24162.55,24156.9,24158.5,362051.0
2026-08-25 12:43:00,24159.9,24159.9,24150.6,24152.9,597720.0
2026-08-25 12:44:00,24155.4,24158.75,24152.85,24156.3,512564.0
2026-08-25 12:45:00,24157.75,24161.55,24154.7,24160.2,338880.0
2026-08-25 12:46:00,24162.25,24162.25,24154.0,24155.05,718521.0
2026-08-25 12:47:00,24157.25,24157.25,24149.7,24152.25,416204.0
2026-08-25 12:48:00,24155.3,24155.9,24152.15,24153.0,407260.0
2026-08-25 12:49:00,24155.3,24160.75,24151.85,24157.75,339568.0
2026-08-25 12:50:00,24159.5,24159.5,24150.7,24156.35,738803.0
2026-08-25 12:51:00,24158.85,24159.4,24152.25,24154.5,589334.0
2026-08-25 12:52:00,24157.75,24160.65,24152.45,24159.05,599140.0
2026-08-25 12:53:00,24161.15,24161.15,24156.2,24158.2,362672.0
2026-08-25 12:54:00,24159.9,24160.05,24151.0,24152.15,505411.0
2026-08-25 12:55:00,24156.05,24156.05,24147.1,24152.25,677158.0
2026-08-25 12:56:00,24155.15,24155.5,24151.95,24155.45,273250.0
2026-08-25 12:57:00,24156.9,24162.4,24154.4,24156.65,684110.0
2026-08-25 12:58:00,24158.05,24158.05,24151.15,24152.05,346559.0
2026-08-25 12:59:00,24153.8,24159.8,24151.35,24157.05,515476.0
2026-08-25 13:00:00,24157.6,24160.85,24151.6,24153.55,492702.0
2026-08-25 13:01:00,24154.7,24154.7,24135.2,24139.2,953295.0
2026-08-25 13:02:00,24141.65,24141.65,24136.3,24139.35,376042.0
2026-08-25 13:03:00,24142.35,24143.75,24139.65,24141.2,468541.0
2026-08-25 13:04:00,24143.1,24144.3,24139.15,24144.2,390404.0
2026-08-25 13:05:00,24145.55,24145.55,24140.25,24142.2,377960.0
2026-08-25 13:06:00,24143.05,24143.2,24138.0,24139.6,344385.0
2026-08-25 13:07:00,24142.5,24142.7,24136.45,24138.75,284260.0
2026-08-25 13:08:00,24141.35,24144.85,24138.8,24140.95,319090.0
2026-08-25 13:09:00,24143.25,24143.25,24137.0,24139.55,233414.0
2026-08-25 13:10:00,24141.4,24143.15,24138.65,24142.45,418972.0
2026-08-25 13:11:00,24145.0,24147.05,24142.45,24145.35,566683.0
2026-08-25 13:12:00,24147.45,24147.45,24139.3,24140.0,472201.0
2026-08-25 13:13:00,24143.0,24143.0,24133.6,24134.25,505488.0
2026-08-25 13:14:00,24136.6,24136.65,24125.9,24129.9,638934.0
2026-08-25 13:15:00,24129.2,24133.85,24125.0,24131.4,431610.0
2026-08-25 13:16:00,24132.85,24135.35,24130.15,24131.6,341275.0
2026-08-25 13:17:00,24132.5,24137.3,24130.9,24135.1,535164.0
2026-08-25 13:18:00,24136.1,24136.3,24131.65,24131.65,273731.0
2026-08-25 13:19:00,24134.4,24134.4,24128.45,24129.6,323716.0
2026-08-25 13:20:00,24132.7,24132.7,24125.2,24126.0,279463.0
2026-08-25 13:21:00,24128.15,24131.35,24126.8,24127.95,269322.0
2026-08-25 13:22:00,24130.65,24130.8,24126.9,24128.35,276409.0
2026-08-25 13:23:00,24129.2,24129.9,24125.2,24126.15,329808.0
2026-08-25 13:24:00,24126.75,24128.6,24124.15,24125.4,287803.0
2026-08-25 13:25:00,24127.15,24128.2,24122.25,24124.45,272763.0
2026-08-25 13:26:00,24124.15,24127.9,24123.1,24126.5,499511.0
2026-08-25 13:27:00,24127.9,24129.3,24125.8,24126.65,355851.0
2026-08-25 13:28:00,24128.25,24130.85,24125.45,24128.1,257360.0
2026-08-25 13:29:00,24129.2,24129.25,24124.7,24126.45,230308.0
2026-08-25 13:30:00,24127.95,24130.25,24125.05,24127.3,239816.0
2026-08-25 13:31:00,24129.4,24133.25,24127.35,24130.65,322580.0
2026-08-25 13:32:00,24132.3,24133.15,24129.5,24131.35,365594.0
2026-08-25 13:33:00,24133.05,24138.45,24129.6,24132.45,711656.0
2026-08-25 13:34:00,24133.5,24134.35,24130.5,24132.2,331267.0
2026-08-25 13:35:00,24133.9,24133.9,24127.25,24129.5,351953.0
2026-08-25 13:36:00,24132.7,24136.75,24129.15,24134.55,413289.0
2026-08-25 13:37:00,24135.45,24137.75,24131.4,24132.8,302679.0
2026-08-25 13:38:00,24134.9,24135.8,24132.65,24134.3,389973.0
2026-08-25 13:39:00,24135.55,24138.7,24134.4,24137.6,327789.0
2026-08-25 13:40:00,24138.85,24139.85,24136.75,24138.6,233000.0
2026-08-25 13:41:00,24140.1,24141.15,24136.65,24139.9,670072.0
2026-08-25 13:42:00,24142.65,24144.25,24139.25,24142.9,405916.0
2026-08-25 13:43:00,24145.25,24146.0,24139.1,24140.0,626114.0
2026-08-25 13:44:00,24141.9,24142.05,24137.65,24140.4,380758.0
2026-08-25 13:45:00,24142.35,24142.9,24138.85,24140.0,258193.0
2026-08-25 13:46:00,24141.85,24142.85,24136.6,24137.3,342015.0
2026-08-25 13:47:00,24139.45,24140.45,24136.25,24139.2,271938.0
2026-08-25 13:48:00,24139.95,24140.05,24135.2,24137.45,316704.0
2026-08-25 13:49:00,24139.1,24139.75,24131.65,24133.85,421865.0
2026-08-25 13:50:00,24135.45,24136.1,24128.95,24134.25,387009.0
2026-08-25 13:51:00,24136.95,24144.95,24135.4,24144.1,670691.0
2026-08-25 13:52:00,24145.7,24150.4,24144.1,24148.15,313442.0
2026-08-25 13:53:00,24150.1,24165.5,24146.15,24163.95,600581.0
2026-08-25 13:54:00,24166.8,24177.3,24161.95,24177.3,1809849.0
2026-08-25 13:55:00,24179.1,24179.9,24162.5,24163.9,789539.0
2026-08-25 13:56:00,24166.65,24167.1,24158.2,24158.2,540071.0
2026-08-25 13:57:00,24162.95,24163.65,24155.65,24159.0,387023.0
2026-08-25 13:58:00,24160.8,24161.65,24154.65,24156.75,393235.0
2026-08-25 13:59:00,24158.35,24160.2,24155.5,24156.6,329405.0
2026-08-25 14:00:00,24157.3,24158.4,24150.95,24151.05,356526.0
2026-08-25 14:01:00,24152.75,24153.3,24145.0,24146.85,427029.0
2026-08-25 14:02:00,24149.2,24152.85,24147.3,24152.05,559235.0
2026-08-25 14:03:00,24153.35,24156.7,24139.3,24142.0,745894.0
2026-08-25 14:04:00,24144.15,24156.95,24143.3,24156.95,458548.0
2026-08-25 14:05:00,24158.8,24159.4,24152.65,24155.3,369918.0
2026-08-25 14:06:00,24156.3,24158.05,24154.0,24154.65,237804.0
2026-08-25 14:07:00,24157.2,24159.0,24152.0,24154.1,315364.0
2026-08-25 14:08:00,24156.65,24157.2,24149.15,24151.8,381198.0
2026-08-25 14:09:00,24153.7,24154.5,24149.8,24153.05,313275.0
2026-08-25 14:10:00,24154.1,24158.35,24152.95,24155.8,329563.0
2026-08-25 14:11:00,24157.6,24161.6,24155.8,24159.1,351752.0
2026-08-25 14:12:00,24161.05,24161.35,24155.4,24156.4,348294.0
2026-08-25 14:13:00,24158.25,24159.25,24155.05,24156.15,377760.0
2026-08-25 14:14:00,24157.65,24158.3,24151.75,24154.2,573905.0
2026-08-25 14:15:00,24153.95,24155.8,24150.9,24153.55,614657.0
2026-08-25 14:16:00,24155.95,24158.5,24153.05,24156.65,347423.0
2026-08-25 14:17:00,24158.05,24159.1,24153.35,24154.5,284247.0
2026-08-25 14:18:00,24157.05,24158.5,24154.15,24155.75,429093.0
2026-08-25 14:19:00,24158.75,24161.6,24156.3,24158.7,396686.0
2026-08-25 14:20:00,24159.45,24166.25,24157.75,24165.3,439081.0
2026-08-25 14:21:00,24166.75,24166.8,24157.55,24158.25,605030.0
2026-08-25 14:22:00,24160.85,24163.35,24156.65,24163.0,922099.0
2026-08-25 14:23:00,24166.0,24171.25,24162.6,24165.7,637517.0
2026-08-25 14:24:00,24168.4,24168.4,24158.5,24160.6,633123.0
2026-08-25 14:25:00,24162.65,24165.95,24158.5,24162.6,515078.0
2026-08-25 14:26:00,24164.15,24169.1,24161.9,24167.95,441734.0
2026-08-25 14:27:00,24169.15,24173.85,24167.65,24172.5,422891.0
2026-08-25 14:28:00,24173.5,24181.0,24172.4,24179.9,473294.0
2026-08-25 14:29:00,24180.75,24185.2,24177.65,24181.85,428802.0
2026-08-25 14:30:00,24183.15,24183.75,24173.95,24176.35,538502.0
2026-08-25 14:31:00,24178.1,24207.05,24173.4,24204.35,1472317.0
2026-08-25 14:32:00,24206.65,24213.0,24197.3,24208.05,1060833.0
2026-08-25 14:33:00,24210.8,24211.8,24204.75,24209.05,563947.0
2026-08-25 14:34:00,24210.5,24210.5,24190.2,24196.65,1119070.0
2026-08-25 14:35:00,24199.25,24210.7,24197.7,24204.85,795960.0
2026-08-25 14:36:00,24207.25,24208.15,24192.5,24193.65,588533.0
2026-08-25 14:37:00,24195.75,24195.85,24185.8,24189.8,567089.0
2026-08-25 14:38:00,24191.9,24197.1,24187.35,24196.0,658552.0
2026-08-25 14:39:00,24198.5,24200.6,24194.05,24198.8,678278.0
2026-08-25 14:40:00,24200.1,24202.65,24195.8,24200.05,656718.0
2026-08-25 14:41:00,24201.95,24215.6,24198.6,24209.9,1408161.0
2026-08-25 14:42:00,24212.0,24212.05,24204.7,24207.5,878599.0
2026-08-25 14:43:00,24209.65,24209.9,24202.7,24204.4,600738.0
2026-08-25 14:44:00,24208.05,24211.45,24205.65,24209.15,794576.0
2026-08-25 14:45:00,24208.9,24215.65,24208.9,24212.9,862772.0
2026-08-25 14:46:00,24212.85,24216.7,24207.7,24213.6,1096736.0
2026-08-25 14:47:00,24211.9,24214.1,24207.05,24210.35,937243.0
2026-08-25 14:48:00,24209.6,24221.8,24209.6,24216.75,1214609.0
2026-08-25 14:49:00,24216.7,24228.85,24215.0,24224.3,1210389.0
2026-08-25 14:50:00,24224.45,24225.95,24216.75,24219.5,1009318.0
2026-08-25 14:51:00,24221.7,24232.9,24220.05,24230.6,1108934.0
2026-08-25 14:52:00,24227.15,24247.85,24227.15,24243.3,3156649.0
2026-08-25 14:53:00,24242.25,24245.4,24239.7,24240.2,1639387.0
2026-08-25 14:54:00,24239.4,24242.25,24236.05,24238.3,1760826.0
2026-08-25 14:55:00,24237.4,24244.0,24236.7,24242.9,914598.0
2026-08-25 14:56:00,24243.1,24248.8,24238.5,24244.95,1135635.0
2026-08-25 14:57:00,24244.4,24249.9,24241.85,24243.2,1112388.0
2026-08-25 14:58:00,24246.2,24252.8,24240.8,24248.05,1213598.0
2026-08-25 14:59:00,24248.3,24256.8,24246.25,24253.1,1285407.0
2026-08-25 15:00:00,24252.8,24255.9,24240.4,24247.0,1395347.0
2026-08-25 15:01:00,24245.55,24249.4,24239.1,24241.25,1237422.0
2026-08-25 15:02:00,24240.0,24255.25,24240.0,24249.6,1159507.0
2026-08-25 15:03:00,24248.15,24251.6,24243.45,24243.9,1243569.0
2026-08-25 15:04:00,24242.05,24256.4,24241.4,24251.3,1363745.0
2026-08-25 15:05:00,24249.75,24252.7,24245.4,24247.55,1774022.0
2026-08-25 15:06:00,24245.35,24251.25,24244.3,24244.6,1252734.0
2026-08-25 15:07:00,24244.6,24250.05,24244.4,24246.45,1234147.0
2026-08-25 15:08:00,24245.55,24250.15,24243.7,24245.05,1811830.0
2026-08-25 15:09:00,24243.65,24252.8,24243.05,24248.65,1656687.0
2026-08-25 15:10:00,24247.05,24254.55,24245.6,24252.3,1815155.0
2026-08-25 15:11:00,24250.0,24265.35,24249.35,24261.45,2072279.0
2026-08-25 15:12:00,24259.05,24267.05,24255.95,24259.3,2748566.0
2026-08-25 15:13:00,24257.2,24262.45,24253.8,24258.15,2799830.0
2026-08-25 15:14:00,24257.75,24264.2,24250.7,24260.15,1681410.0
2026-08-25 15:15:00,24260.05,24260.05,24260.05,24260.05,1681410.0
2026-08-25 15:16:00,24260.05,24260.05,24260.05,24260.05,1681410.0
2026-08-25 15:17:00,24260.05,24260.05,24260.05,24260.05,1681410.0
2026-08-25 15:18:00,24260.05,24260.05,24260.05,24260.05,1681410.0
2026-08-25 15:19:00,24260.05,24260.05,24260.05,24260.05,1681410.0
2026-08-25 15:20:00,24260.05,24260.05,24260.05,24260.05,1681410.0
2026-08-25 15:21:00,24260.05,24260.05,24260.05,24260.05,1681410.0
2026-08-25 15:22:00,24260.05,24260.05,24260.05,24260.05,1681410.0
2026-08-25 15:23:00,24260.05,24260.05,24260.05,24260.05,1681410.0
2026-08-25 15:24:00,24260.05,24260.05,24260.05,24260.05,1681410.0
2026-08-25 15:25:00,24260.05,24260.05,24260.05,24260.05,1681410.0
2026-08-25 15:26:00,24260.05,24260.05,24260.05,24260.05,1681410.0
2026-08-25 15:27:00,24260.05,24260.05,24260.05,24260.05,1681410.0
2026-08-25 15:28:00,24260.05,24334.55,24260.05,24334.55,1681410.0
2026-08-25 15:29:00,24334.55,24334.55,24334.55,24334.55,1681410.0
2026-08-26 09:15:00,24341.95,24357.05,24329.05,24337.3,4128750.0
2026-08-26 09:16:00,24337.4,24344.2,24328.2,24337.0,2512597.0
2026-08-26 09:17:00,24336.6,24338.3,24321.15,24322.8,1685795.0
2026-08-26 09:18:00,24322.6,24324.5,24314.0,24320.0,1831328.0
2026-08-26 09:19:00,24319.85,24320.75,24309.5,24318.3,1333348.0
2026-08-26 09:20:00,24316.95,24336.3,24316.45,24335.1,1269170.0
2026-08-26 09:21:00,24334.5,24346.75,24330.6,24344.1,1262649.0
2026-08-26 09:22:00,24342.9,24346.75,24340.05,24345.1,1624862.0
2026-08-26 09:23:00,24343.9,24348.1,24342.55,24345.25,1058164.0
2026-08-26 09:24:00,24345.1,24355.85,24345.1,24354.0,1110373.0
2026-08-26 09:25:00,24353.3,24354.75,24345.6,24352.35,974408.0
2026-08-26 09:26:00,24352.2,24359.7,24351.45,24356.2,927327.0
2026-08-26 09:27:00,24355.95,24363.2,24353.55,24353.75,778817.0
2026-08-26 09:28:00,24353.05,24356.9,24351.45,24354.55,605660.0
2026-08-26 09:29:00,24353.85,24353.85,24347.0,24351.15,968475.0
2026-08-26 09:30:00,24350.9,24354.75,24343.05,24343.6,767842.0
2026-08-26 09:31:00,24343.5,24347.3,24341.1,24345.05,1289066.0
2026-08-26 09:32:00,24345.4,24350.35,24345.4,24350.1,847850.0
2026-08-26 09:33:00,24350.1,24354.75,24345.85,24346.05,1250218.0
2026-08-26 09:34:00,24346.1,24348.35,24342.35,24344.65,633813.0
2026-08-26 09:35:00,24344.5,24352.2,24344.05,24351.5,932830.0
2026-08-26 09:36:00,24351.55,24354.25,24344.85,24346.15,653830.0
2026-08-26 09:37:00,24346.3,24352.15,24343.3,24348.15,1199358.0
2026-08-26 09:38:00,24347.75,24355.65,24345.55,24354.6,745405.0
2026-08-26 09:39:00,24354.95,24356.15,24353.8,24356.05,517791.0
2026-08-26 09:40:00,24355.65,24364.4,24355.65,24362.0,1875112.0
2026-08-26 09:41:00,24362.1,24368.15,24360.65,24366.25,1590369.0
2026-08-26 09:42:00,24366.35,24373.05,24365.6,24367.45,1086074.0
2026-08-26 09:43:00,24367.8,24373.05,24366.85,24369.45,1086334.0
2026-08-26 09:44:00,24369.95,24375.75,24368.35,24371.6,1226273.0
2026-08-26 09:45:00,24371.35,24376.45,24367.7,24374.6,1064922.0
2026-08-26 09:46:00,24374.7,24377.7,24373.25,24374.75,828403.0
2026-08-26 09:47:00,24374.8,24376.65,24371.55,24376.3,621217.0
2026-08-26 09:48:00,24374.6,24378.6,24372.4,24374.25,537858.0
2026-08-26 09:49:00,24374.55,24375.75,24367.6,24370.0,658283.0
2026-08-26 09:50:00,24370.4,24372.2,24365.65,24368.95,709706.0
2026-08-26 09:51:00,24369.45,24370.5,24366.1,24367.15,786009.0
2026-08-26 09:52:00,24367.05,24367.25,24364.15,24365.1,372991.0
2026-08-26 09:53:00,24366.05,24367.8,24362.3,24362.9,554018.0
2026-08-26 09:54:00,24363.1,24366.65,24360.8,24364.85,1075213.0
2026-08-26 09:55:00,24364.35,24369.35,24363.95,24368.45,772887.0
2026-08-26 09:56:00,24368.55,24374.1,24366.55,24372.35,585755.0
2026-08-26 09:57:00,24372.0,24375.25,24370.55,24370.55,543535.0
2026-08-26 09:58:00,24369.35,24369.95,24365.9,24367.7,526010.0
2026-08-26 09:59:00,24367.45,24370.2,24365.05,24365.8,509348.0
2026-08-26 10:00:00,24366.05,24369.05,24364.5,24365.55,714269.0
2026-08-26 10:01:00,24365.1,24366.3,24359.3,24360.4,525122.0
2026-08-26 10:02:00,24359.85,24362.2,24351.25,24354.35,575522.0
2026-08-26 10:03:00,24353.8,24359.15,24352.85,24357.8,785867.0
2026-08-26 10:04:00,24357.5,24358.6,24354.35,24358.0,556193.0
2026-08-26 10:05:00,24358.25,24360.6,24353.15,24355.4,473314.0
2026-08-26 10:06:00,24355.7,24356.35,24350.2,24351.05,678865.0
2026-08-26 10:07:00,24350.7,24350.7,24340.4,24341.5,755713.0
2026-08-26 10:08:00,24341.65,24346.1,24340.65,24345.8,504914.0
2026-08-26 10:09:00,24346.5,24347.75,24342.2,24346.3,599664.0
2026-08-26 10:10:00,24345.8,24346.25,24341.2,24342.35,400493.0
2026-08-26 10:11:00,24341.9,24341.9,24333.45,24334.4,599705.0
2026-08-26 10:12:00,24334.3,24345.25,24333.85,24344.7,523163.0
2026-08-26 10:13:00,24344.55,24346.55,24342.45,24346.25,465210.0
2026-08-26 10:14:00,24345.7,24349.95,24342.3,24342.95,458446.0
2026-08-26 10:15:00,24343.1,24348.3,24341.65,24343.55,680851.0
2026-08-26 10:16:00,24343.85,24345.4,24335.4,24336.65,505593.0
2026-08-26 10:17:00,24336.4,24336.95,24323.6,24323.75,1145371.0
2026-08-26 10:18:00,24323.9,24324.8,24318.0,24318.45,783670.0
2026-08-26 10:19:00,24318.3,24319.15,24316.2,24318.35,498640.0
2026-08-26 10:20:00,24318.4,24320.15,24304.25,24307.65,909499.0
2026-08-26 10:21:00,24307.5,24309.45,24303.4,24305.2,903945.0
2026-08-26 10:22:00,24305.05,24309.9,24305.05,24309.2,377872.0
2026-08-26 10:23:00,24309.15,24311.95,24295.85,24297.25,886354.0
2026-08-26 10:24:00,24297.3,24305.2,24294.55,24302.4,504827.0
2026-08-26 10:25:00,24302.45,24305.7,24299.25,24300.1,733193.0
2026-08-26 10:26:00,24299.55,24301.25,24295.0,24295.65,759438.0
2026-08-26 10:27:00,24295.15,24299.95,24294.25,24298.95,468493.0
2026-08-26 10:28:00,24299.75,24302.7,24297.05,24301.45,576683.0
2026-08-26 10:29:00,24301.45,24306.0,24300.65,24304.6,396171.0
2026-08-26 10:30:00,24304.65,24310.0,24303.45,24307.4,546826.0
2026-08-26 10:31:00,24307.0,24314.75,24306.15,24313.7,663649.0
2026-08-26 10:32:00,24313.15,24317.65,24312.15,24317.65,470767.0
2026-08-26 10:33:00,24317.4,24321.4,24315.3,24316.8,378265.0
2026-08-26 10:34:00,24316.85,24318.85,24314.35,24318.05,292406.0
2026-08-26 10:35:00,24318.1,24322.5,24317.9,24321.15,402061.0
2026-08-26 10:36:00,24321.4,24323.0,24319.2,24320.25,973652.0
2026-08-26 10:37:00,24320.3,24321.9,24316.8,24318.6,382823.0
2026-08-26 10:38:00,24318.5,24321.9,24317.35,24319.45,467025.0
2026-08-26 10:39:00,24319.35,24323.95,24319.2,24320.85,548138.0
2026-08-26 10:40:00,24321.0,24323.15,24319.05,24320.2,700375.0
2026-08-26 10:41:00,24320.05,24320.75,24315.9,24316.55,546538.0
2026-08-26 10:42:00,24316.85,24321.7,24316.5,24320.75,910197.0
2026-08-26 10:43:00,24320.7,24330.25,24318.8,24327.75,420541.0
2026-08-26 10:44:00,24327.75,24331.3,24326.9,24327.45,477462.0
2026-08-26 10:45:00,24328.25,24328.95,24312.9,24315.05,515532.0
2026-08-26 10:46:00,24315.25,24317.25,24313.15,24316.4,489401.0
2026-08-26 10:47:00,24316.4,24317.9,24314.15,24316.0,234484.0
2026-08-26 10:48:00,24316.25,24318.35,24314.05,24317.7,351979.0
2026-08-26 10:49:00,24317.45,24321.1,24316.9,24317.9,286929.0
2026-08-26 10:50:00,24318.05,24319.65,24315.9,24319.6,462542.0
2026-08-26 10:51:00,24319.3,24319.6,24315.25,24317.6,430609.0
2026-08-26 10:52:00,24317.75,24320.3,24315.0,24320.3,494369.0
2026-08-26 10:53:00,24319.6,24320.05,24311.9,24317.75,552546.0
2026-08-26 10:54:00,24318.15,24320.5,24316.15,24319.35,712069.0
2026-08-26 10:55:00,24319.65,24320.05,24317.8,24318.75,302600.0
2026-08-26 10:56:00,24318.9,24321.95,24317.85,24320.45,590331.0
2026-08-26 10:57:00,24320.55,24329.25,24319.25,24328.15,429369.0
2026-08-26 10:58:00,24327.7,24329.1,24324.75,24325.45,438390.0
2026-08-26 10:59:00,24325.85,24326.4,24319.85,24320.4,452102.0
2026-08-26 11:00:00,24319.95,24320.45,24315.7,24319.5,553390.0
2026-08-26 11:01:00,24319.3,24320.2,24310.4,24316.4,363204.0
2026-08-26 11:02:00,24316.4,24320.95,24315.1,24318.25,451607.0
2026-08-26 11:03:00,24318.4,24319.1,24312.65,24313.95,537214.0
2026-08-26 11:04:00,24313.4,24314.6,24309.6,24313.05,523042.0
2026-08-26 11:05:00,24313.85,24315.35,24312.15,24313.9,284840.0
2026-08-26 11:06:00,24313.65,24314.3,24306.85,24308.9,803844.0
2026-08-26 11:07:00,24309.05,24313.5,24308.35,24313.05,565062.0
2026-08-26 11:08:00,24312.3,24318.05,24311.75,24316.2,655588.0
2026-08-26 11:09:00,24316.2,24321.55,24314.15,24321.25,815139.0
2026-08-26 11:10:00,24321.8,24326.4,24320.0,24325.3,510637.0
2026-08-26 11:11:00,24324.65,24325.9,24321.1,24321.45,547804.0
2026-08-26 11:12:00,24321.85,24326.35,24321.65,24326.35,371606.0
2026-08-26 11:13:00,24326.55,24327.55,24323.85,24325.15,408625.0
2026-08-26 11:14:00,24325.2,24331.6,24323.6,24330.8,511188.0
2026-08-26 11:15:00,24330.6,24332.65,24327.75,24328.85,802736.0
2026-08-26 11:16:00,24328.15,24328.6,24322.7,24323.85,636748.0
2026-08-26 11:17:00,24322.75,24324.3,24314.1,24314.45,655109.0
2026-08-26 11:18:00,24315.0,24315.0,24305.85,24307.5,1667452.0
2026-08-26 11:19:00,24307.6,24311.6,24306.95,24310.2,461953.0
2026-08-26 11:20:00,24310.25,24310.65,24306.9,24310.6,542686.0
2026-08-26 11:21:00,24311.15,24314.65,24309.9,24311.0,910226.0
2026-08-26 11:22:00,24311.25,24311.4,24300.3,24300.3,611911.0
2026-08-26 11:23:00,24300.05,24301.75,24297.95,24300.8,442170.0
2026-08-26 11:24:00,24301.25,24306.65,24300.25,24303.1,510509.0
2026-08-26 11:25:00,24303.85,24306.0,24301.15,24304.45,556098.0
2026-08-26 11:26:00,24304.75,24307.55,24303.7,24305.95,472920.0
2026-08-26 11:27:00,24306.1,24306.65,24301.0,24302.05,357063.0
2026-08-26 11:28:00,24302.15,24307.8,24300.7,24307.6,788161.0
2026-08-26 11:29:00,24307.55,24309.25,24303.85,24304.95,532277.0
2026-08-26 11:30:00,24305.8,24306.55,24301.9,24305.0,359331.0
2026-08-26 11:31:00,24305.2,24305.95,24298.3,24298.75,567184.0
2026-08-26 11:32:00,24299.15,24301.6,24292.05,24300.85,441947.0
2026-08-26 11:33:00,24300.35,24301.35,24296.75,24298.15,816680.0
2026-08-26 11:34:00,24298.65,24301.55,24296.5,24301.25,352589.0
2026-08-26 11:35:00,24301.7,24308.55,24300.1,24307.4,399979.0
2026-08-26 11:36:00,24307.6,24309.7,24306.35,24308.05,626756.0
2026-08-26 11:37:00,24308.2,24313.2,24307.5,24312.85,711914.0
2026-08-26 11:38:00,24312.4,24313.4,24310.65,24312.1,420333.0
2026-08-26 11:39:00,24311.85,24313.0,24308.4,24309.7,489119.0
2026-08-26 11:40:00,24309.3,24310.55,24308.1,24308.75,239018.0
2026-08-26 11:41:00,24309.1,24311.1,24306.95,24308.35,381891.0
2026-08-26 11:42:00,24308.35,24310.6,24306.9,24310.45,219927.0
2026-08-26 11:43:00,24310.8,24311.6,24309.25,24311.2,217153.0
2026-08-26 11:44:00,24311.15,24311.15,24307.35,24308.2,221713.0
2026-08-26 11:45:00,24308.2,24309.1,24306.75,24307.5,249391.0
2026-08-26 11:46:00,24307.6,24308.85,24305.55,24307.35,283552.0
2026-08-26 11:47:00,24307.8,24307.8,24304.4,24305.05,351245.0
2026-08-26 11:48:00,24305.15,24305.9,24298.55,24299.95,272703.0
2026-08-26 11:49:00,24299.8,24300.65,24298.05,24299.6,287586.0
2026-08-26 11:50:00,24299.6,24301.2,24298.6,24299.45,435442.0
2026-08-26 11:51:00,24300.0,24300.0,24294.35,24294.8,593358.0
2026-08-26 11:52:00,24295.85,24296.4,24293.15,24295.65,435321.0
2026-08-26 11:53:00,24295.25,24295.55,24291.0,24292.15,331894.0
2026-08-26 11:54:00,24292.65,24292.65,24282.95,24285.15,457898.0
2026-08-26 11:55:00,24286.1,24290.95,24283.2,24290.6,226759.0
2026-08-26 11:56:00,24290.95,24295.15,24290.9,24294.65,245177.0
2026-08-26 11:57:00,24294.1,24294.7,24289.65,24290.85,380719.0
2026-08-26 11:58:00,24291.45,24293.95,24289.5,24291.55,591102.0
2026-08-26 11:59:00,24292.05,24292.95,24288.45,24288.45,473498.0
2026-08-26 12:00:00,24288.65,24290.05,24279.05,24279.1,577332.0
2026-08-26 12:01:00,24279.95,24281.3,24277.7,24279.6,380035.0
2026-08-26 12:02:00,24280.4,24280.4,24273.95,24275.9,625992.0
2026-08-26 12:03:00,24276.35,24278.25,24272.3,24273.7,357535.0
2026-08-26 12:04:00,24274.05,24276.6,24270.05,24276.45,531327.0
2026-08-26 12:05:00,24276.7,24280.95,24275.0,24280.95,509722.0
2026-08-26 12:06:00,24281.4,24281.45,24276.7,24277.05,483192.0
2026-08-26 12:07:00,24277.5,24278.7,24273.4,24273.9,663726.0
2026-08-26 12:08:00,24274.05,24276.25,24272.85,24275.0,733301.0
2026-08-26 12:09:00,24275.0,24276.8,24268.95,24270.4,351954.0
2026-08-26 12:10:00,24271.1,24271.7,24268.0,24268.45,226454.0
2026-08-26 12:11:00,24269.0,24270.8,24266.45,24268.45,404343.0
2026-08-26 12:12:00,24268.9,24270.85,24267.6,24269.55,387729.0
2026-08-26 12:13:00,24268.9,24273.75,24268.6,24273.6,671931.0
2026-08-26 12:14:00,24273.85,24281.5,24273.55,24280.75,601589.0
2026-08-26 12:15:00,24281.6,24282.15,24276.05,24277.7,497245.0
2026-08-26 12:16:00,24277.6,24280.85,24277.6,24279.8,363080.0
2026-08-26 12:17:00,24279.8,24285.4,24277.45,24283.7,501679.0
2026-08-26 12:18:00,24283.85,24288.6,24283.2,24287.7,568985.0
2026-08-26 12:19:00,24287.55,24289.05,24284.65,24288.0,562768.0
2026-08-26 12:20:00,24286.25,24288.5,24281.8,24282.1,442460.0
2026-08-26 12:21:00,24282.65,24284.55,24277.8,24281.2,452845.0
2026-08-26 12:22:00,24281.15,24283.85,24279.8,24280.4,499233.0
2026-08-26 12:23:00,24281.0,24284.4,24279.4,24284.0,336672.0
2026-08-26 12:24:00,24283.25,24291.4,24280.9,24290.35,619545.0
2026-08-26 12:25:00,24290.65,24290.7,24281.3,24285.7,796592.0
2026-08-26 12:26:00,24285.3,24286.5,24281.1,24281.4,856802.0
2026-08-26 12:27:00,24281.5,24281.8,24277.15,24278.2,414887.0
2026-08-26 12:28:00,24278.6,24279.25,24273.7,24276.7,346245.0
2026-08-26 12:29:00,24276.4,24281.95,24275.45,24278.1,402751.0
2026-08-26 12:30:00,24278.45,24279.3,24271.8,24273.05,426594.0
2026-08-26 12:31:00,24272.5,24275.5,24271.0,24274.4,854755.0
2026-08-26 12:32:00,24273.95,24275.15,24268.9,24269.6,471591.0
2026-08-26 12:33:00,24269.5,24273.8,24268.9,24272.45,716445.0
2026-08-26 12:34:00,24272.5,24280.95,24272.5,24279.5,441503.0
2026-08-26 12:35:00,24279.2,24283.8,24278.65,24282.35,483269.0
2026-08-26 12:36:00,24282.25,24285.45,24281.1,24284.5,725795.0
2026-08-26 12:37:00,24283.85,24286.05,24281.45,24282.75,351867.0
2026-08-26 12:38:00,24282.6,24284.25,24281.2,24283.3,341780.0
2026-08-26 12:39:00,24283.25,24283.45,24277.2,24277.7,528587.0
2026-08-26 12:40:00,24276.3,24278.55,24274.25,24275.5,360004.0
2026-08-26 12:41:00,24275.5,24275.5,24272.45,24274.1,404736.0
2026-08-26 12:42:00,24273.5,24278.05,24272.2,24277.25,422417.0
2026-08-26 12:43:00,24277.25,24284.1,24276.85,24283.75,346947.0
2026-08-26 12:44:00,24283.55,24285.5,24281.2,24283.9,352131.0
2026-08-26 12:45:00,24283.45,24285.45,24281.2,24282.15,465898.0
2026-08-26 12:46:00,24282.05,24283.35,24280.6,24281.45,268587.0
2026-08-26 12:47:00,24281.6,24281.9,24275.45,24275.65,553816.0
2026-08-26 12:48:00,24275.2,24281.0,24274.8,24280.25,501256.0
2026-08-26 12:49:00,24280.15,24280.55,24276.95,24277.5,418737.0
2026-08-26 12:50:00,24277.5,24279.0,24276.2,24277.15,1494050.0
2026-08-26 12:51:00,24277.05,24278.85,24276.5,24277.5,308268.0
2026-08-26 12:52:00,24277.2,24278.55,24274.6,24275.55,407703.0
2026-08-26 12:53:00,24275.65,24277.05,24273.9,24275.85,337434.0
2026-08-26 12:54:00,24275.0,24279.2,24273.75,24277.7,283727.0
2026-08-26 12:55:00,24278.35,24280.65,24276.3,24279.45,329285.0
2026-08-26 12:56:00,24279.5,24282.3,24279.4,24280.7,278410.0
2026-08-26 12:57:00,24280.55,24282.7,24279.35,24280.3,310978.0
2026-08-26 12:58:00,24280.45,24284.05,24279.4,24282.15,402819.0
2026-08-26 12:59:00,24283.05,24284.6,24278.9,24279.05,403262.0
2026-08-26 13:00:00,24279.2,24280.95,24278.35,24280.0,244314.0
2026-08-26 13:01:00,24280.15,24280.55,24273.15,24274.45,267371.0
2026-08-26 13:02:00,24274.35,24275.05,24268.25,24269.25,349594.0
2026-08-26 13:03:00,24269.1,24274.35,24268.55,24273.45,359916.0
2026-08-26 13:04:00,24273.1,24276.65,24271.15,24274.1,258957.0
2026-08-26 13:05:00,24275.1,24280.5,24273.9,24279.85,354063.0
2026-08-26 13:06:00,24280.2,24283.05,24279.55,24283.05,325414.0
2026-08-26 13:07:00,24282.4,24282.45,24279.15,24280.25,688576.0
2026-08-26 13:08:00,24280.05,24281.5,24276.8,24278.6,385352.0
2026-08-26 13:09:00,24277.95,24278.5,24272.35,24273.3,327315.0
2026-08-26 13:10:00,24273.25,24274.5,24269.9,24270.25,508852.0
2026-08-26 13:11:00,24269.85,24272.4,24268.7,24271.4,374386.0
2026-08-26 13:12:00,24271.4,24273.75,24270.9,24271.35,270118.0
2026-08-26 13:13:00,24271.5,24272.95,24270.35,24271.1,224663.0
2026-08-26 13:14:00,24270.9,24270.9,24268.15,24269.2,351897.0
2026-08-26 13:15:00,24269.4,24269.95,24265.8,24266.15,667541.0
2026-08-26 13:16:00,24266.1,24266.5,24261.5,24262.85,582504.0
2026-08-26 13:17:00,24262.8,24263.2,24253.7,24258.0,950363.0
2026-08-26 13:18:00,24257.55,24263.85,24257.35,24263.65,299863.0
2026-08-26 13:19:00,24263.35,24266.35,24263.2,24263.6,334208.0
2026-08-26 13:20:00,24264.05,24264.65,24257.35,24259.5,301547.0
2026-08-26 13:21:00,24259.5,24262.0,24258.2,24260.6,397923.0
2026-08-26 13:22:00,24260.55,24263.8,24260.1,24263.35,255079.0
2026-08-26 13:23:00,24263.65,24263.9,24258.0,24258.15,261910.0
2026-08-26 13:24:00,24258.25,24259.65,24254.95,24258.6,278115.0
2026-08-26 13:25:00,24258.65,24261.45,24258.45,24259.55,212106.0
2026-08-26 13:26:00,24259.75,24261.5,24258.25,24259.5,204037.0
2026-08-26 13:27:00,24260.25,24260.8,24254.9,24254.9,397098.0
2026-08-26 13:28:00,24254.95,24258.7,24253.6,24258.6,360664.0
2026-08-26 13:29:00,24258.45,24265.45,24257.65,24265.45,465566.0
2026-08-26 13:30:00,24265.0,24269.0,24263.2,24266.75,558976.0
2026-08-26 13:31:00,24266.55,24267.4,24262.1,24262.45,496035.0
2026-08-26 13:32:00,24262.45,24265.25,24261.7,24263.1,340494.0
2026-08-26 13:33:00,24263.85,24266.2,24262.0,24262.7,249959.0
2026-08-26 13:34:00,24262.5,24267.8,24262.2,24267.0,601679.0
2026-08-26 13:35:00,24267.15,24268.6,24262.55,24263.3,344018.0
2026-08-26 13:36:00,24263.3,24266.15,24262.4,24263.2,295926.0
2026-08-26 13:37:00,24262.9,24264.8,24261.1,24263.85,470370.0
2026-08-26 13:38:00,24263.45,24267.7,24262.8,24266.1,445197.0
2026-08-26 13:39:00,24265.9,24266.65,24263.4,24264.95,366646.0
2026-08-26 13:40:00,24265.4,24271.25,24264.35,24268.9,403355.0
2026-08-26 13:41:00,24268.7,24271.25,24267.1,24268.5,320140.0
2026-08-26 13:42:00,24268.5,24270.1,24261.05,24263.4,445417.0
2026-08-26 13:43:00,24263.0,24267.65,24263.0,24266.0,457738.0
2026-08-26 13:44:00,24266.1,24267.0,24261.05,24261.9,532079.0
2026-08-26 13:45:00,24262.0,24263.0,24257.0,24260.8,436598.0
2026-08-26 13:46:00,24260.05,24263.6,24259.05,24262.55,377551.0
2026-08-26 13:47:00,24261.9,24263.4,24258.4,24260.15,420710.0
2026-08-26 13:48:00,24259.4,24260.7,24258.05,24258.95,365390.0
2026-08-26 13:49:00,24258.95,24262.55,24257.8,24262.05,430776.0
2026-08-26 13:50:00,24262.45,24264.2,24261.25,24263.25,299873.0
2026-08-26 13:51:00,24263.45,24263.45,24259.0,24260.55,264931.0
2026-08-26 13:52:00,24260.45,24266.8,24260.4,24266.6,270797.0
2026-08-26 13:53:00,24265.95,24269.95,24265.7,24267.4,908430.0
2026-08-26 13:54:00,24267.45,24267.45,24264.65,24264.65,603760.0
2026-08-26 13:55:00,24264.55,24266.3,24262.8,24263.95,408557.0
2026-08-26 13:56:00,24263.45,24263.8,24259.55,24261.1,446367.0
2026-08-26 13:57:00,24261.4,24262.85,24259.55,24261.5,561444.0
2026-08-26 13:58:00,24261.25,24265.4,24260.6,24263.8,505469.0
2026-08-26 13:59:00,24263.45,24265.8,24260.9,24263.35,343162.0
2026-08-26 14:00:00,24262.7,24263.65,24260.1,24260.1,594638.0
2026-08-26 14:01:00,24259.5,24265.0,24258.65,24264.35,673310.0
2026-08-26 14:02:00,24263.95,24265.25,24258.85,24262.75,952568.0
2026-08-26 14:03:00,24262.65,24269.4,24260.55,24267.5,540432.0
2026-08-26 14:04:00,24266.95,24269.2,24266.35,24267.65,309685.0
2026-08-26 14:05:00,24267.75,24269.4,24266.7,24269.4,389065.0
2026-08-26 14:06:00,24268.7,24269.35,24264.45,24267.15,650318.0
2026-08-26 14:07:00,24266.8,24267.7,24260.5,24261.05,387698.0
2026-08-26 14:08:00,24261.05,24265.9,24260.5,24265.3,321311.0
2026-08-26 14:09:00,24265.55,24267.75,24263.55,24266.05,301409.0
2026-08-26 14:10:00,24265.95,24267.3,24263.35,24265.65,405157.0
2026-08-26 14:11:00,24265.7,24267.65,24264.75,24266.35,643204.0
2026-08-26 14:12:00,24266.5,24278.5,24265.95,24277.95,756328.0
2026-08-26 14:13:00,24278.35,24279.55,24274.7,24277.0,416772.0
2026-08-26 14:14:00,24277.1,24277.7,24272.45,24273.5,309583.0
2026-08-26 14:15:00,24272.8,24277.2,24272.8,24274.75,649405.0
2026-08-26 14:16:00,24275.1,24280.85,24275.1,24276.7,441137.0
2026-08-26 14:17:00,24276.9,24278.9,24274.65,24275.55,544079.0
2026-08-26 14:18:00,24275.3,24277.8,24274.0,24276.55,609446.0
2026-08-26 14:19:00,24275.85,24277.55,24275.4,24275.6,272184.0
2026-08-26 14:20:00,24275.75,24279.4,24275.1,24278.8,447197.0
2026-08-26 14:21:00,24278.75,24281.2,24276.7,24278.5,511520.0
2026-08-26 14:22:00,24278.5,24280.75,24275.05,24278.4,866099.0
2026-08-26 14:23:00,24278.4,24280.25,24276.8,24278.8,380751.0
2026-08-26 14:24:00,24278.65,24279.35,24271.4,24273.1,483901.0
2026-08-26 14:25:00,24272.7,24275.05,24270.6,24274.85,568171.0
2026-08-26 14:26:00,24274.7,24276.5,24272.2,24274.1,492406.0
2026-08-26 14:27:00,24273.9,24274.3,24268.75,24272.8,511970.0
2026-08-26 14:28:00,24272.75,24273.05,24266.3,24266.8,660828.0
2026-08-26 14:29:00,24267.35,24273.6,24266.05,24273.25,414773.0
2026-08-26 14:30:00,24273.1,24276.5,24270.1,24273.3,723165.0
2026-08-26 14:31:00,24274.4,24281.1,24271.85,24278.4,591333.0
2026-08-26 14:32:00,24279.4,24280.8,24274.2,24275.95,498376.0
2026-08-26 14:33:00,24275.65,24277.95,24273.55,24277.35,431200.0
2026-08-26 14:34:00,24279.1,24280.25,24274.15,24278.5,1006847.0
2026-08-26 14:35:00,24279.15,24280.4,24275.2,24278.55,1358247.0
2026-08-26 14:36:00,24279.0,24279.65,24275.95,24278.65,873329.0
2026-08-26 14:37:00,24278.5,24284.0,24277.65,24282.3,909967.0
2026-08-26 14:38:00,24282.7,24282.75,24278.85,24279.75,638368.0
2026-08-26 14:39:00,24279.85,24281.75,24276.85,24278.15,474934.0
2026-08-26 14:40:00,24277.75,24279.95,24275.05,24278.7,597490.0
2026-08-26 14:41:00,24279.3,24281.75,24277.75,24280.5,689138.0
2026-08-26 14:42:00,24279.85,24281.7,24277.25,24279.55,660616.0
2026-08-26 14:43:00,24279.7,24281.6,24279.1,24280.2,518831.0
2026-08-26 14:44:00,24280.45,24280.45,24277.0,24278.7,1468411.0
2026-08-26 14:45:00,24278.8,24284.05,24276.8,24282.8,619355.0
2026-08-26 14:46:00,24283.6,24286.1,24281.35,24285.1,666597.0
2026-08-26 14:47:00,24286.5,24290.1,24285.3,24289.1,932361.0
2026-08-26 14:48:00,24289.4,24291.2,24285.2,24290.95,800700.0
2026-08-26 14:49:00,24290.55,24291.9,24286.4,24290.8,1066663.0
2026-08-26 14:50:00,24289.9,24293.65,24289.5,24291.35,1463034.0
2026-08-26 14:51:00,24291.2,24291.9,24286.9,24291.65,1695465.0
2026-08-26 14:52:00,24291.1,24294.65,24287.35,24287.9,1817662.0
2026-08-26 14:53:00,24287.85,24294.3,24287.15,24293.55,1322653.0
2026-08-26 14:54:00,24293.35,24296.65,24292.2,24294.0,1434807.0
2026-08-26 14:55:00,24294.1,24297.05,24290.05,24290.05,1078548.0
2026-08-26 14:56:00,24289.65,24292.15,24287.8,24289.8,893063.0
2026-08-26 14:57:00,24289.75,24294.95,24288.5,24292.65,1233303.0
2026-08-26 14:58:00,24292.3,24292.9,24287.4,24288.65,1353674.0
2026-08-26 14:59:00,24289.3,24291.7,24285.55,24290.8,1222374.0
2026-08-26 15:00:00,24288.95,24292.35,24278.65,24279.45,1398112.0
2026-08-26 15:01:00,24282.1,24287.7,24279.35,24287.55,1090778.0
2026-08-26 15:02:00,24286.9,24290.65,24285.7,24287.1,1303949.0
2026-08-26 15:03:00,24287.3,24290.35,24284.35,24289.75,1421678.0
2026-08-26 15:04:00,24289.3,24290.35,24287.05,24287.5,1319599.0
2026-08-26 15:05:00,24287.25,24289.65,24278.3,24282.15,1878355.0
2026-08-26 15:06:00,24281.4,24282.5,24273.3,24274.85,2097668.0
2026-08-26 15:07:00,24275.4,24278.7,24274.05,24276.0,1536509.0
2026-08-26 15:08:00,24275.75,24277.5,24274.1,24277.5,1622943.0
2026-08-26 15:09:00,24276.95,24279.1,24271.0,24275.35,1718181.0
2026-08-26 15:10:00,24275.45,24280.25,24275.3,24278.05,2307709.0
2026-08-26 15:11:00,24278.3,24279.85,24275.45,24278.2,1783619.0
2026-08-26 15:12:00,24279.4,24283.0,24270.65,24278.85,2963677.0
2026-08-26 15:13:00,24279.3,24282.75,24276.65,24281.9,1659413.0
2026-08-26 15:14:00,24280.95,24284.35,24273.5,24276.6,1317074.0
2026-08-26 15:15:00,24276.9,24276.9,24276.9,24276.9,1317074.0
2026-08-26 15:16:00,24276.9,24276.9,24276.9,24276.9,1317074.0
2026-08-26 15:17:00,24276.9,24276.9,24276.9,24276.9,1317074.0
2026-08-26 15:18:00,24276.9,24276.9,24276.9,24276.9,1317074.0
2026-08-26 15:19:00,24276.9,24276.9,24276.9,24276.9,1317074.0
2026-08-26 15:20:00,24276.9,24276.9,24276.9,24276.9,1317074.0
2026-08-26 15:21:00,24276.9,24276.9,24276.9,24276.9,1317074.0
2026-08-26 15:22:00,24276.9,24276.9,24276.9,24276.9,1317074.0
2026-08-26 15:23:00,24276.9,24276.9,24276.9,24276.9,1317074.0
2026-08-26 15:24:00,24276.9,24276.9,24276.9,24276.9,1317074.0
2026-08-26 15:25:00,24276.9,24276.9,24276.9,24276.9,1317074.0
2026-08-26 15:26:00,24276.9,24276.9,24276.9,24276.9,1317074.0
2026-08-26 15:27:00,24276.9,24276.9,24276.9,24276.9,1317074.0
2026-08-26 15:28:00,24276.9,24276.9,24207.75,24207.75,1317074.0
2026-08-26 15:29:00,24207.75,24207.75,24207.75,24207.75,1317074.0
2026-08-26 18:35:00,24207.75,24207.75,24207.75,24207.75,0.0
