ts,offset,side,strike,spot,close,volume,oi
2026-08-27 09:15:00,ATM-3,CE,77200.0,77515.13,381.5,965180,198720
2026-08-27 09:20:00,ATM-3,CE,77200.0,77483.71,351.0,323880,313980
2026-08-27 09:25:00,ATM-3,CE,77100.0,77397.03,393.2,303220,125660
2026-08-27 09:30:00,ATM-3,CE,77100.0,77421.64,392.05,231960,172180
2026-08-27 09:35:00,ATM-3,CE,77100.0,77389.84,374.75,171460,189340
2026-08-27 09:40:00,ATM-3,CE,77100.0,77442.61,405.0,125000,201880
2026-08-27 09:45:00,ATM-3,CE,77200.0,77506.41,338.4,737580,681960
2026-08-27 09:50:00,ATM-3,CE,77200.0,77459.35,300.5,733160,702560
2026-08-27 09:55:00,ATM-3,CE,77100.0,77411.45,364.9,128160,230840
2026-08-27 10:00:00,ATM-3,CE,77100.0,77389.69,348.55,279120,262640
2026-08-27 10:05:00,ATM-3,CE,77100.0,77395.9,359.8,114920,272000
2026-08-27 10:10:00,ATM-3,CE,77100.0,77360.58,319.2,186280,303960
2026-08-27 10:15:00,ATM-3,CE,77100.0,77366.94,333.5,156220,320100
2026-08-27 10:20:00,ATM-3,CE,77000.0,77332.4,408.95,154960,753620
2026-08-27 10:25:00,ATM-3,CE,77000.0,77335.89,407.5,174260,779960
2026-08-27 10:30:00,ATM-3,CE,77100.0,77364.16,337.8,173100,377920
2026-08-27 10:35:00,ATM-3,CE,77000.0,77336.62,419.55,128280,849580
2026-08-27 10:40:00,ATM-3,CE,77000.0,77304.67,378.95,336200,894500
2026-08-27 10:45:00,ATM-3,CE,77000.0,77321.24,387.35,275080,989620
2026-08-27 10:50:00,ATM-3,CE,77000.0,77285.89,354.0,388420,1135320
2026-08-27 10:55:00,ATM-3,CE,77000.0,77274.4,352.15,250380,1211220
2026-08-27 11:00:00,ATM-3,CE,77000.0,77287.52,364.45,408140,1234740
2026-08-27 11:05:00,ATM-3,CE,77000.0,77277.96,362.4,242940,1243100
2026-08-27 11:10:00,ATM-3,CE,77000.0,77257.72,335.45,232400,1256680
2026-08-27 11:15:00,ATM-3,CE,76900.0,77215.42,394.45,80420,142340
2026-08-27 11:20:00,ATM-3,CE,76900.0,77193.58,367.75,138640,185100
2026-08-27 11:25:00,ATM-3,CE,76900.0,77204.99,381.9,99580,209520
2026-08-27 11:30:00,ATM-3,CE,77000.0,77257.53,332.4,319880,1582460
2026-08-27 11:35:00,ATM-3,CE,77000.0,77251.57,328.65,315960,1440060
2026-08-27 11:40:00,ATM-3,CE,76900.0,77231.85,409.3,145340,184340
2026-08-27 11:45:00,ATM-3,CE,76900.0,77218.96,397.55,40320,186560
2026-08-27 11:50:00,ATM-3,CE,76900.0,77240.23,419.5,50520,192220
2026-08-27 11:55:00,ATM-3,CE,77000.0,77258.09,351.25,421440,1525460
2026-08-27 12:00:00,ATM-3,CE,76900.0,77229.67,414.6,68720,187680
2026-08-27 12:05:00,ATM-3,CE,76900.0,77208.58,395.2,86380,200420
2026-08-27 12:10:00,ATM-3,CE,77000.0,77256.52,336.75,257840,1530740
2026-08-27 12:15:00,ATM-3,CE,76900.0,77222.69,402.15,220940,175080
2026-08-27 12:20:00,ATM-3,CE,76900.0,77203.98,401.35,63760,184860
2026-08-27 12:25:00,ATM-3,CE,77000.0,77252.95,352.9,328780,1425680
2026-08-27 12:30:00,ATM-3,CE,77000.0,77250.8,352.7,129440,1409440
2026-08-27 12:35:00,ATM-3,CE,77000.0,77311.45,410.65,884200,1266880
2026-08-27 12:40:00,ATM-3,CE,77000.0,77304.22,402.45,568400,1104160
2026-08-27 12:45:00,ATM-3,CE,77000.0,77316.99,416.65,375280,1070400
2026-08-27 12:50:00,ATM-3,CE,77100.0,77361.65,337.8,776160,651080
2026-08-27 12:55:00,ATM-3,CE,77000.0,77348.2,426.95,461180,875680
2026-08-27 13:00:00,ATM-3,CE,77100.0,77350.44,331.65,381540,653220
2026-08-27 13:05:00,ATM-3,CE,77000.0,77347.9,428.6,268680,861080
2026-08-27 13:10:00,ATM-3,CE,77100.0,77380.11,358.35,461440,610720
2026-08-27 13:15:00,ATM-3,CE,77100.0,77360.65,338.35,494340,604260
2026-08-27 13:20:00,ATM-3,CE,77100.0,77385.45,350.6,242660,608880
2026-08-27 13:25:00,ATM-3,CE,77100.0,77353.81,338.6,248640,603980
2026-08-27 13:30:00,ATM-3,CE,77000.0,77334.86,412.25,324780,752360
2026-08-27 13:35:00,ATM-3,CE,77000.0,77347.59,415.45,202280,771860
2026-08-27 13:40:00,ATM-3,CE,77000.0,77297.02,369.1,343520,793380
2026-08-27 13:45:00,ATM-3,CE,76900.0,77233.26,384.05,526380,135700
2026-08-27 13:50:00,ATM-3,CE,76900.0,77212.98,373.35,114500,147020
2026-08-27 13:55:00,ATM-3,CE,76900.0,77185.93,347.45,139360,153560
2026-08-27 14:00:00,ATM-3,CE,76900.0,77169.44,343.9,116080,153560
2026-08-27 14:05:00,ATM-3,CE,76900.0,77150.84,346.1,133660,186820
2026-08-27 14:10:00,ATM-3,CE,76900.0,77179.93,350.4,154040,189060
2026-08-27 14:15:00,ATM-3,CE,76900.0,77216.47,385.0,111600,178100
2026-08-27 14:20:00,ATM-3,CE,76900.0,77241.44,383.8,96280,164340
2026-08-27 14:25:00,ATM-3,CE,77000.0,77261.16,333.4,450260,1224160
2026-08-27 14:30:00,ATM-3,CE,77000.0,77257.34,315.85,722880,1101240
2026-08-27 14:35:00,ATM-3,CE,77000.0,77254.82,323.25,203520,1133620
2026-08-27 14:40:00,ATM-3,CE,76900.0,77200.25,376.45,91360,142000
2026-08-27 14:45:00,ATM-3,CE,76900.0,77235.67,409.3,107680,144540
2026-08-27 14:50:00,ATM-3,CE,76900.0,77197.96,376.9,561600,149660
2026-08-27 14:55:00,ATM-3,CE,76900.0,77245.54,395.75,78280,141440
2026-08-27 15:00:00,ATM-3,CE,76900.0,77213.18,369.45,386380,132040
2026-08-27 15:05:00,ATM-3,CE,76900.0,77208.08,346.55,208920,137320
2026-08-27 15:10:00,ATM-3,CE,76900.0,77182.91,351.35,137360,132440
2026-08-27 15:15:00,ATM-3,CE,76900.0,77182.91,364.8,140700,113780
2026-08-27 15:20:00,ATM-3,CE,76900.0,77182.91,267.75,684580,126060
2026-08-27 15:25:00,ATM-3,CE,76600.0,76933.59,334.05,7188400,103980
2026-08-27 15:30:00,ATM-3,CE,76600.0,76933.59,333.85,56440,160800
2026-08-27 15:35:00,ATM-3,CE,76600.0,76933.59,332.8,18860,152200
2026-08-27 09:15:00,ATM-3,PE,77200.0,77515.13,29.4,8157760,2164960
2026-08-27 09:20:00,ATM-3,PE,77200.0,77483.71,31.0,4390320,2812180
2026-08-27 09:25:00,ATM-3,PE,77100.0,77397.03,24.85,5291740,2305320
2026-08-27 09:30:00,ATM-3,PE,77100.0,77421.64,26.1,5930140,2289760
2026-08-27 09:35:00,ATM-3,PE,77100.0,77389.84,28.05,4409380,2771840
2026-08-27 09:40:00,ATM-3,PE,77100.0,77442.61,22.65,3305740,2868720
2026-08-27 09:45:00,ATM-3,PE,77200.0,77506.41,31.4,4428140,4763840
2026-08-27 09:50:00,ATM-3,PE,77200.0,77459.35,38.85,4877540,5006000
2026-08-27 09:55:00,ATM-3,PE,77100.0,77411.45,25.55,3832980,3267920
2026-08-27 10:00:00,ATM-3,PE,77100.0,77389.69,28.2,5096640,3613140
2026-08-27 10:05:00,ATM-3,PE,77100.0,77395.9,25.8,3173300,3492720
2026-08-27 10:10:00,ATM-3,PE,77100.0,77360.58,31.55,3163200,3605140
2026-08-27 10:15:00,ATM-3,PE,77100.0,77366.94,27.6,2905600,3769060
2026-08-27 10:20:00,ATM-3,PE,77000.0,77332.4,17.85,2481600,5909420
2026-08-27 10:25:00,ATM-3,PE,77000.0,77335.89,18.25,3873800,6245100
2026-08-27 10:30:00,ATM-3,PE,77100.0,77364.16,26.9,3224800,4110720
2026-08-27 10:35:00,ATM-3,PE,77000.0,77336.62,17.0,1619960,6503880
2026-08-27 10:40:00,ATM-3,PE,77000.0,77304.67,22.75,6154240,6614020
2026-08-27 10:45:00,ATM-3,PE,77000.0,77321.24,22.7,7233600,6791880
2026-08-27 10:50:00,ATM-3,PE,77000.0,77285.89,30.15,10191340,6280840
2026-08-27 10:55:00,ATM-3,PE,77000.0,77274.4,32.4,6562960,6317780
2026-08-27 11:00:00,ATM-3,PE,77000.0,77287.52,27.85,6185640,6177920
2026-08-27 11:05:00,ATM-3,PE,77000.0,77277.96,27.2,3762100,6342260
2026-08-27 11:10:00,ATM-3,PE,77000.0,77257.72,32.25,3923540,6415080
2026-08-27 11:15:00,ATM-3,PE,76900.0,77215.42,23.4,3431080,2402860
2026-08-27 11:20:00,ATM-3,PE,76900.0,77193.58,28.55,6495700,2382200
2026-08-27 11:25:00,ATM-3,PE,76900.0,77204.99,28.95,5026600,2510040
2026-08-27 11:30:00,ATM-3,PE,77000.0,77257.53,34.7,4389740,6310000
2026-08-27 11:35:00,ATM-3,PE,77000.0,77251.57,36.6,3758780,6286240
2026-08-27 11:40:00,ATM-3,PE,76900.0,77231.85,23.95,2734520,2826180
2026-08-27 11:45:00,ATM-3,PE,76900.0,77218.96,24.85,1801100,2820600
2026-08-27 11:50:00,ATM-3,PE,76900.0,77240.23,22.3,2280700,2796280
2026-08-27 11:55:00,ATM-3,PE,77000.0,77258.09,30.7,3759480,6602220
2026-08-27 12:00:00,ATM-3,PE,76900.0,77229.67,21.8,2198040,2914900
2026-08-27 12:05:00,ATM-3,PE,76900.0,77208.58,24.3,3264280,2918020
2026-08-27 12:10:00,ATM-3,PE,77000.0,77256.52,30.4,3722440,7312860
2026-08-27 12:15:00,ATM-3,PE,76900.0,77222.69,20.75,3470060,3074200
2026-08-27 12:20:00,ATM-3,PE,76900.0,77203.98,21.2,2251620,3068000
2026-08-27 12:25:00,ATM-3,PE,77000.0,77252.95,26.25,3794980,7399580
2026-08-27 12:30:00,ATM-3,PE,77000.0,77250.8,25.85,2220660,7831540
2026-08-27 12:35:00,ATM-3,PE,77000.0,77311.45,15.55,8389740,7232320
2026-08-27 12:40:00,ATM-3,PE,77000.0,77304.22,15.8,6016020,7379960
2026-08-27 12:45:00,ATM-3,PE,77000.0,77316.99,14.6,4628220,7339260
2026-08-27 12:50:00,ATM-3,PE,77100.0,77361.65,19.15,6302580,6252320
2026-08-27 12:55:00,ATM-3,PE,77000.0,77348.2,12.3,2710980,7062600
2026-08-27 13:00:00,ATM-3,PE,77100.0,77350.44,18.65,3705760,6405620
2026-08-27 13:05:00,ATM-3,PE,77000.0,77347.9,10.65,3582580,7377120
2026-08-27 13:10:00,ATM-3,PE,77100.0,77380.11,14.05,4831020,6152580
2026-08-27 13:15:00,ATM-3,PE,77100.0,77360.65,16.45,4403620,5939180
2026-08-27 13:20:00,ATM-3,PE,77100.0,77385.45,14.65,2808480,5833500
2026-08-27 13:25:00,ATM-3,PE,77100.0,77353.81,15.7,3110260,5870440
2026-08-27 13:30:00,ATM-3,PE,77000.0,77334.86,10.15,6370720,7974540
2026-08-27 13:35:00,ATM-3,PE,77000.0,77347.59,9.0,3722940,7993720
2026-08-27 13:40:00,ATM-3,PE,77000.0,77297.02,11.9,4625660,8072980
2026-08-27 13:45:00,ATM-3,PE,76900.0,77233.26,10.45,11682340,3297320
2026-08-27 13:50:00,ATM-3,PE,76900.0,77212.98,11.85,4638920,3774080
2026-08-27 13:55:00,ATM-3,PE,76900.0,77185.93,14.2,6056020,3703360
2026-08-27 14:00:00,ATM-3,PE,76900.0,77169.44,14.45,5144340,3703360
2026-08-27 14:05:00,ATM-3,PE,76900.0,77150.84,15.35,5765880,3831100
2026-08-27 14:10:00,ATM-3,PE,76900.0,77179.93,12.8,5378820,4038080
2026-08-27 14:15:00,ATM-3,PE,76900.0,77216.47,8.65,4250100,3778220
2026-08-27 14:20:00,ATM-3,PE,76900.0,77241.44,8.65,3335400,3849680
2026-08-27 14:25:00,ATM-3,PE,77000.0,77261.16,9.9,6526020,8533100
2026-08-27 14:30:00,ATM-3,PE,77000.0,77257.34,11.65,8694220,9120960
2026-08-27 14:35:00,ATM-3,PE,77000.0,77254.82,11.1,4773060,9664360
2026-08-27 14:40:00,ATM-3,PE,76900.0,77200.25,9.45,3633000,3750560
2026-08-27 14:45:00,ATM-3,PE,76900.0,77235.67,7.4,4369380,3936860
2026-08-27 14:50:00,ATM-3,PE,76900.0,77197.96,8.25,8108240,3849260
2026-08-27 14:55:00,ATM-3,PE,76900.0,77245.54,4.9,4351380,3862380
2026-08-27 15:00:00,ATM-3,PE,76900.0,77213.18,7.4,6612940,3453960
2026-08-27 15:05:00,ATM-3,PE,76900.0,77208.08,8.0,8141100,3685000
2026-08-27 15:10:00,ATM-3,PE,76900.0,77182.91,9.75,7453220,3669180
2026-08-27 15:15:00,ATM-3,PE,76900.0,77182.91,7.55,9085860,3827860
2026-08-27 15:20:00,ATM-3,PE,76900.0,77182.91,52.7,22016500,3119300
2026-08-27 15:25:00,ATM-3,PE,76600.0,76933.59,0.15,22757460,2427240
2026-08-27 15:30:00,ATM-3,PE,76600.0,76933.59,0.05,1252820,1274540
2026-08-27 15:35:00,ATM-3,PE,76600.0,76933.59,0.05,122560,1228320
2026-08-27 09:15:00,ATM-2,CE,77300.0,77515.13,298.8,3213480,383940
2026-08-27 09:20:00,ATM-2,CE,77300.0,77483.71,271.0,580800,507500
2026-08-27 09:25:00,ATM-2,CE,77200.0,77397.03,308.55,721600,443120
2026-08-27 09:30:00,ATM-2,CE,77200.0,77421.64,310.95,696980,536820
2026-08-27 09:35:00,ATM-2,CE,77200.0,77389.84,292.45,619400,609060
2026-08-27 09:40:00,ATM-2,CE,77200.0,77442.61,323.3,559500,694440
2026-08-27 09:45:00,ATM-2,CE,77300.0,77506.41,258.35,1637300,1165920
2026-08-27 09:50:00,ATM-2,CE,77300.0,77459.35,225.2,1157860,1173840
2026-08-27 09:55:00,ATM-2,CE,77200.0,77411.45,280.65,549540,809800
2026-08-27 10:00:00,ATM-2,CE,77200.0,77389.69,266.65,697320,891440
2026-08-27 10:05:00,ATM-2,CE,77200.0,77395.9,277.45,428120,940480
2026-08-27 10:10:00,ATM-2,CE,77200.0,77360.58,239.35,626880,1000000
2026-08-27 10:15:00,ATM-2,CE,77200.0,77366.94,251.5,482200,1053120
2026-08-27 10:20:00,ATM-2,CE,77100.0,77332.4,320.3,425140,354620
2026-08-27 10:25:00,ATM-2,CE,77100.0,77335.89,321.7,233100,360200
2026-08-27 10:30:00,ATM-2,CE,77200.0,77364.16,254.25,384960,1275300
2026-08-27 10:35:00,ATM-2,CE,77100.0,77336.62,331.0,260040,394580
2026-08-27 10:40:00,ATM-2,CE,77100.0,77304.67,291.65,332580,407140
2026-08-27 10:45:00,ATM-2,CE,77100.0,77321.24,299.0,266200,475980
2026-08-27 10:50:00,ATM-2,CE,77100.0,77285.89,271.65,421820,560680
2026-08-27 10:55:00,ATM-2,CE,77100.0,77274.4,269.9,269420,625100
2026-08-27 11:00:00,ATM-2,CE,77100.0,77287.52,279.5,603500,690460
2026-08-27 11:05:00,ATM-2,CE,77100.0,77277.96,278.35,361080,741480
2026-08-27 11:10:00,ATM-2,CE,77100.0,77257.72,253.25,361460,739820
2026-08-27 11:15:00,ATM-2,CE,77000.0,77215.42,308.0,566080,1358580
2026-08-27 11:20:00,ATM-2,CE,77000.0,77193.58,286.95,788520,1575600
2026-08-27 11:25:00,ATM-2,CE,77000.0,77204.99,299.2,566820,1716780
2026-08-27 11:30:00,ATM-2,CE,77100.0,77257.53,253.05,770780,1025920
2026-08-27 11:35:00,ATM-2,CE,77100.0,77251.57,249.45,568500,903800
2026-08-27 11:40:00,ATM-2,CE,77000.0,77231.85,322.35,355940,1458860
2026-08-27 11:45:00,ATM-2,CE,77000.0,77218.96,315.8,292260,1464240
2026-08-27 11:50:00,ATM-2,CE,77000.0,77240.23,333.6,416260,1526880
2026-08-27 11:55:00,ATM-2,CE,77100.0,77258.09,269.75,533100,987680
2026-08-27 12:00:00,ATM-2,CE,77000.0,77229.67,327.15,453620,1470040
2026-08-27 12:05:00,ATM-2,CE,77000.0,77208.58,310.9,641040,1547220
2026-08-27 12:10:00,ATM-2,CE,77100.0,77256.52,254.5,557560,1092100
2026-08-27 12:15:00,ATM-2,CE,77000.0,77222.69,312.4,771540,1442900
2026-08-27 12:20:00,ATM-2,CE,77000.0,77203.98,315.05,464380,1522080
2026-08-27 12:25:00,ATM-2,CE,77100.0,77252.95,269.0,665140,1013080
2026-08-27 12:30:00,ATM-2,CE,77100.0,77250.8,270.6,432640,1043960
2026-08-27 12:35:00,ATM-2,CE,77100.0,77311.45,315.7,1452040,937460
2026-08-27 12:40:00,ATM-2,CE,77100.0,77304.22,310.9,778000,824480
2026-08-27 12:45:00,ATM-2,CE,77100.0,77316.99,327.0,498940,824480
2026-08-27 12:50:00,ATM-2,CE,77200.0,77361.65,249.9,2073660,2498720
2026-08-27 12:55:00,ATM-2,CE,77100.0,77348.2,335.25,1098420,697320
2026-08-27 13:00:00,ATM-2,CE,77200.0,77350.44,246.35,942180,2337840
2026-08-27 13:05:00,ATM-2,CE,77100.0,77347.9,335.0,496540,650100
2026-08-27 13:10:00,ATM-2,CE,77200.0,77380.11,269.3,1552180,2199640
2026-08-27 13:15:00,ATM-2,CE,77200.0,77360.65,252.75,1415740,2074780
2026-08-27 13:20:00,ATM-2,CE,77200.0,77385.45,261.55,668280,2134520
2026-08-27 13:25:00,ATM-2,CE,77200.0,77353.81,249.45,1130940,2151980
2026-08-27 13:30:00,ATM-2,CE,77100.0,77334.86,316.9,464540,591020
2026-08-27 13:35:00,ATM-2,CE,77100.0,77347.59,319.7,315440,608960
2026-08-27 13:40:00,ATM-2,CE,77100.0,77297.02,275.45,520720,653440
2026-08-27 13:45:00,ATM-2,CE,77000.0,77233.26,292.3,1246680,995380
2026-08-27 13:50:00,ATM-2,CE,77000.0,77212.98,282.5,652500,1146780
2026-08-27 13:55:00,ATM-2,CE,77000.0,77185.93,258.25,740860,1318260
2026-08-27 14:00:00,ATM-2,CE,77000.0,77169.44,254.4,701860,1395760
2026-08-27 14:05:00,ATM-2,CE,77000.0,77150.84,258.0,795640,1477300
2026-08-27 14:10:00,ATM-2,CE,77000.0,77179.93,262.15,1105820,1453220
2026-08-27 14:15:00,ATM-2,CE,77000.0,77216.47,293.8,803120,1439960
2026-08-27 14:20:00,ATM-2,CE,77000.0,77241.44,291.4,785460,1353960
2026-08-27 14:25:00,ATM-2,CE,77100.0,77261.16,244.8,1404440,1555660
2026-08-27 14:30:00,ATM-2,CE,77100.0,77257.34,223.8,1782820,1349660
2026-08-27 14:35:00,ATM-2,CE,77100.0,77254.82,232.2,639360,1420520
2026-08-27 14:40:00,ATM-2,CE,77000.0,77200.25,285.2,537980,1083420
2026-08-27 14:45:00,ATM-2,CE,77000.0,77235.67,314.55,731820,1136180
2026-08-27 14:50:00,ATM-2,CE,77000.0,77197.96,283.4,1335600,1086520
2026-08-27 14:55:00,ATM-2,CE,77000.0,77245.54,302.1,445400,1053640
2026-08-27 15:00:00,ATM-2,CE,77000.0,77213.18,277.1,1127840,978580
2026-08-27 15:05:00,ATM-2,CE,77000.0,77208.08,256.95,913060,1060760
2026-08-27 15:10:00,ATM-2,CE,77000.0,77182.91,261.55,739280,1005580
2026-08-27 15:15:00,ATM-2,CE,77000.0,77182.91,273.95,866540,857080
2026-08-27 15:20:00,ATM-2,CE,77000.0,77182.91,187.7,3306120,1071320
2026-08-27 15:25:00,ATM-2,CE,76700.0,76933.59,233.5,16755820,228820
2026-08-27 15:30:00,ATM-2,CE,76700.0,76933.59,233.5,157380,267560
2026-08-27 15:35:00,ATM-2,CE,76700.0,76933.59,233.1,38080,255820
2026-08-27 09:15:00,ATM-2,PE,77300.0,77515.13,47.0,10908520,2131780
2026-08-27 09:20:00,ATM-2,PE,77300.0,77483.71,49.95,6020000,3414460
2026-08-27 09:25:00,ATM-2,PE,77200.0,77397.03,41.2,7774100,3093840
2026-08-27 09:30:00,ATM-2,PE,77200.0,77421.64,42.4,8390680,3177580
2026-08-27 09:35:00,ATM-2,PE,77200.0,77389.84,45.9,6299480,4058680
2026-08-27 09:40:00,ATM-2,PE,77200.0,77442.61,37.1,4242880,4460940
2026-08-27 09:45:00,ATM-2,PE,77300.0,77506.41,51.85,5940340,5071860
2026-08-27 09:50:00,ATM-2,PE,77300.0,77459.35,63.35,5940360,5351820
2026-08-27 09:55:00,ATM-2,PE,77200.0,77411.45,42.25,5393840,5069680
2026-08-27 10:00:00,ATM-2,PE,77200.0,77389.69,46.55,6155080,4852940
2026-08-27 10:05:00,ATM-2,PE,77200.0,77395.9,42.9,4169960,4734700
2026-08-27 10:10:00,ATM-2,PE,77200.0,77360.58,53.25,4142940,4971880
2026-08-27 10:15:00,ATM-2,PE,77200.0,77366.94,46.4,4452220,5230820
2026-08-27 10:20:00,ATM-2,PE,77100.0,77332.4,29.25,3278960,3932380
2026-08-27 10:25:00,ATM-2,PE,77100.0,77335.89,29.8,3414800,3985940
2026-08-27 10:30:00,ATM-2,PE,77200.0,77364.16,45.15,3123220,5496260
2026-08-27 10:35:00,ATM-2,PE,77100.0,77336.62,27.6,2146200,4166940
2026-08-27 10:40:00,ATM-2,PE,77100.0,77304.67,36.85,5015700,4134180
2026-08-27 10:45:00,ATM-2,PE,77100.0,77321.24,35.75,5201600,3728820
2026-08-27 10:50:00,ATM-2,PE,77100.0,77285.89,47.7,7149340,3390480
2026-08-27 10:55:00,ATM-2,PE,77100.0,77274.4,50.15,5104760,3515820
2026-08-27 11:00:00,ATM-2,PE,77100.0,77287.52,44.4,5813280,3722120
2026-08-27 11:05:00,ATM-2,PE,77100.0,77277.96,43.85,2555260,3975780
2026-08-27 11:10:00,ATM-2,PE,77100.0,77257.72,51.2,2893640,3985380
2026-08-27 11:15:00,ATM-2,PE,77000.0,77215.42,38.75,7690140,6538840
2026-08-27 11:20:00,ATM-2,PE,77000.0,77193.58,46.25,12188000,6007320
2026-08-27 11:25:00,ATM-2,PE,77000.0,77204.99,45.85,9263860,6236280
2026-08-27 11:30:00,ATM-2,PE,77100.0,77257.53,55.5,6305620,3596000
2026-08-27 11:35:00,ATM-2,PE,77100.0,77251.57,57.95,3984600,3861520
2026-08-27 11:40:00,ATM-2,PE,77000.0,77231.85,37.95,3391120,6380980
2026-08-27 11:45:00,ATM-2,PE,77000.0,77218.96,39.45,3593560,6459740
2026-08-27 11:50:00,ATM-2,PE,77000.0,77240.23,35.2,4573800,6611400
2026-08-27 11:55:00,ATM-2,PE,77100.0,77258.09,48.8,2984960,4219720
2026-08-27 12:00:00,ATM-2,PE,77000.0,77229.67,35.05,4784180,7039180
2026-08-27 12:05:00,ATM-2,PE,77000.0,77208.58,38.65,6466780,7164860
2026-08-27 12:10:00,ATM-2,PE,77100.0,77256.52,48.65,5528480,4606180
2026-08-27 12:15:00,ATM-2,PE,77000.0,77222.69,33.4,6166640,7597000
2026-08-27 12:20:00,ATM-2,PE,77000.0,77203.98,34.3,5180460,7684940
2026-08-27 12:25:00,ATM-2,PE,77100.0,77252.95,42.8,4918600,4813400
2026-08-27 12:30:00,ATM-2,PE,77100.0,77250.8,41.95,3619340,5130140
2026-08-27 12:35:00,ATM-2,PE,77100.0,77311.45,25.85,6490540,5448920
2026-08-27 12:40:00,ATM-2,PE,77100.0,77304.22,25.45,4975960,5926660
2026-08-27 12:45:00,ATM-2,PE,77100.0,77316.99,23.5,3521960,6159700
2026-08-27 12:50:00,ATM-2,PE,77200.0,77361.65,33.6,6608500,7918220
2026-08-27 12:55:00,ATM-2,PE,77100.0,77348.2,19.8,3706260,6243580
2026-08-27 13:00:00,ATM-2,PE,77200.0,77350.44,33.4,5006860,8484640
2026-08-27 13:05:00,ATM-2,PE,77100.0,77347.9,17.7,3599240,6398480
2026-08-27 13:10:00,ATM-2,PE,77200.0,77380.11,25.35,7201080,8643120
2026-08-27 13:15:00,ATM-2,PE,77200.0,77360.65,28.85,6310180,8741720
2026-08-27 13:20:00,ATM-2,PE,77200.0,77385.45,26.0,4284200,8751260
2026-08-27 13:25:00,ATM-2,PE,77200.0,77353.81,28.05,5433980,8810120
2026-08-27 13:30:00,ATM-2,PE,77100.0,77334.86,16.4,5719720,5940440
2026-08-27 13:35:00,ATM-2,PE,77100.0,77347.59,14.35,3484480,6174940
2026-08-27 13:40:00,ATM-2,PE,77100.0,77297.02,19.8,5241260,6288260
2026-08-27 13:45:00,ATM-2,PE,77000.0,77233.26,18.9,17568900,8211040
2026-08-27 13:50:00,ATM-2,PE,77000.0,77212.98,21.0,10676240,8724820
2026-08-27 13:55:00,ATM-2,PE,77000.0,77185.93,25.3,13330080,9115020
2026-08-27 14:00:00,ATM-2,PE,77000.0,77169.44,25.4,11536840,9550880
2026-08-27 14:05:00,ATM-2,PE,77000.0,77150.84,27.6,11707120,9794300
2026-08-27 14:10:00,ATM-2,PE,77000.0,77179.93,22.75,12084920,9409160
2026-08-27 14:15:00,ATM-2,PE,77000.0,77216.47,15.15,9709820,9919140
2026-08-27 14:20:00,ATM-2,PE,77000.0,77241.44,15.95,7157320,9326560
2026-08-27 14:25:00,ATM-2,PE,77100.0,77261.16,18.0,10617340,7794740
2026-08-27 14:30:00,ATM-2,PE,77100.0,77257.34,20.8,13558340,8114080
2026-08-27 14:35:00,ATM-2,PE,77100.0,77254.82,19.95,8098140,8357280
2026-08-27 14:40:00,ATM-2,PE,77000.0,77200.25,17.1,9084180,9543740
2026-08-27 14:45:00,ATM-2,PE,77000.0,77235.67,13.3,8612600,9222260
2026-08-27 14:50:00,ATM-2,PE,77000.0,77197.96,15.85,12065200,9411300
2026-08-27 14:55:00,ATM-2,PE,77000.0,77245.54,9.75,8936140,9797940
2026-08-27 15:00:00,ATM-2,PE,77000.0,77213.18,14.25,12286980,9798920
2026-08-27 15:05:00,ATM-2,PE,77000.0,77208.08,16.05,18752180,9765260
2026-08-27 15:10:00,ATM-2,PE,77000.0,77182.91,19.9,15619760,9575420
2026-08-27 15:15:00,ATM-2,PE,77000.0,77182.91,15.65,16136140,9228720
2026-08-27 15:20:00,ATM-2,PE,77000.0,77182.91,67.65,37692720,6386540
2026-08-27 15:25:00,ATM-2,PE,76700.0,76933.59,0.15,25273420,2507060
2026-08-27 15:30:00,ATM-2,PE,76700.0,76933.59,0.05,2316940,1744660
2026-08-27 15:35:00,ATM-2,PE,76700.0,76933.59,0.05,84600,1699800
2026-08-27 09:15:00,ATM-1,CE,77400.0,77515.13,224.1,6243160,695560
2026-08-27 09:20:00,ATM-1,CE,77400.0,77483.71,200.0,1870160,1192120
2026-08-27 09:25:00,ATM-1,CE,77300.0,77397.03,233.65,1923840,716080
2026-08-27 09:30:00,ATM-1,CE,77300.0,77421.64,235.6,1628940,947540
2026-08-27 09:35:00,ATM-1,CE,77300.0,77389.84,220.4,1323500,1081760
2026-08-27 09:40:00,ATM-1,CE,77300.0,77442.61,244.15,1134180,1284060
2026-08-27 09:45:00,ATM-1,CE,77400.0,77506.41,188.7,3846780,3140360
2026-08-27 09:50:00,ATM-1,CE,77400.0,77459.35,161.7,2848460,3130020
2026-08-27 09:55:00,ATM-1,CE,77300.0,77411.45,208.65,1120740,1386600
2026-08-27 10:00:00,ATM-1,CE,77300.0,77389.69,195.45,1560580,1872940
2026-08-27 10:05:00,ATM-1,CE,77300.0,77395.9,204.65,1034020,1921260
2026-08-27 10:10:00,ATM-1,CE,77300.0,77360.58,170.75,1558800,2027040
2026-08-27 10:15:00,ATM-1,CE,77300.0,77366.94,181.15,1385500,2335500
2026-08-27 10:20:00,ATM-1,CE,77200.0,77332.4,240.35,1093440,1175400
2026-08-27 10:25:00,ATM-1,CE,77200.0,77335.89,239.05,648760,1269900
2026-08-27 10:30:00,ATM-1,CE,77300.0,77364.16,183.65,1147100,2745840
2026-08-27 10:35:00,ATM-1,CE,77200.0,77336.62,249.4,741340,1313040
2026-08-27 10:40:00,ATM-1,CE,77200.0,77304.67,215.0,991860,1333060
2026-08-27 10:45:00,ATM-1,CE,77200.0,77321.24,221.15,820900,1421340
2026-08-27 10:50:00,ATM-1,CE,77200.0,77285.89,197.5,1227160,1638480
2026-08-27 10:55:00,ATM-1,CE,77200.0,77274.4,197.95,954040,1900620
2026-08-27 11:00:00,ATM-1,CE,77200.0,77287.52,204.55,1718260,2140680
2026-08-27 11:05:00,ATM-1,CE,77200.0,77277.96,205.25,1038480,2264480
2026-08-27 11:10:00,ATM-1,CE,77200.0,77257.72,183.45,1098720,2353380
2026-08-27 11:15:00,ATM-1,CE,77100.0,77215.42,231.35,595880,805180
2026-08-27 11:20:00,ATM-1,CE,77100.0,77193.58,212.95,890760,932900
2026-08-27 11:25:00,ATM-1,CE,77100.0,77204.99,224.15,784220,1086820
2026-08-27 11:30:00,ATM-1,CE,77200.0,77257.53,183.5,1405760,3658080
2026-08-27 11:35:00,ATM-1,CE,77200.0,77251.57,181.35,1627780,3655360
2026-08-27 11:40:00,ATM-1,CE,77100.0,77231.85,245.55,1005540,934840
2026-08-27 11:45:00,ATM-1,CE,77100.0,77218.96,237.9,413140,967380
2026-08-27 11:50:00,ATM-1,CE,77100.0,77240.23,253.25,525440,968440
2026-08-27 11:55:00,ATM-1,CE,77200.0,77258.09,198.4,2004240,3908000
2026-08-27 12:00:00,ATM-1,CE,77100.0,77229.67,247.1,685380,956660
2026-08-27 12:05:00,ATM-1,CE,77100.0,77208.58,230.55,788180,1029480
2026-08-27 12:10:00,ATM-1,CE,77200.0,77256.52,183.65,1285440,4129720
2026-08-27 12:15:00,ATM-1,CE,77100.0,77222.69,233.2,1553820,1014120
2026-08-27 12:20:00,ATM-1,CE,77100.0,77203.98,234.8,576980,1047720
2026-08-27 12:25:00,ATM-1,CE,77200.0,77252.95,195.6,1704680,4059480
2026-08-27 12:30:00,ATM-1,CE,77200.0,77250.8,196.95,879880,4020680
2026-08-27 12:35:00,ATM-1,CE,77200.0,77311.45,236.0,4470500,3677600
2026-08-27 12:40:00,ATM-1,CE,77200.0,77304.22,231.35,2609360,3010940
2026-08-27 12:45:00,ATM-1,CE,77200.0,77316.99,242.75,1665980,2940560
2026-08-27 12:50:00,ATM-1,CE,77300.0,77361.65,174.85,5115360,5516440
2026-08-27 12:55:00,ATM-1,CE,77200.0,77348.2,250.0,2458100,2480520
2026-08-27 13:00:00,ATM-1,CE,77300.0,77350.44,171.4,2476460,5231820
2026-08-27 13:05:00,ATM-1,CE,77200.0,77347.9,248.65,1262220,2402240
2026-08-27 13:10:00,ATM-1,CE,77300.0,77380.11,189.35,3616920,4943780
2026-08-27 13:15:00,ATM-1,CE,77300.0,77360.65,173.4,3716240,4647160
2026-08-27 13:20:00,ATM-1,CE,77300.0,77385.45,182.0,1729720,4750420
2026-08-27 13:25:00,ATM-1,CE,77300.0,77353.81,171.4,2480940,4691920
2026-08-27 13:30:00,ATM-1,CE,77200.0,77334.86,229.2,1635620,2093720
2026-08-27 13:35:00,ATM-1,CE,77200.0,77347.59,231.3,836740,2145220
2026-08-27 13:40:00,ATM-1,CE,77200.0,77297.02,187.5,1492860,2194700
2026-08-27 13:45:00,ATM-1,CE,77100.0,77233.26,205.3,3038900,833780
2026-08-27 13:50:00,ATM-1,CE,77100.0,77212.98,196.55,1048780,1029560
2026-08-27 13:55:00,ATM-1,CE,77100.0,77185.93,176.25,1525760,1293240
2026-08-27 14:00:00,ATM-1,CE,77100.0,77169.44,171.55,1509460,1512180
2026-08-27 14:05:00,ATM-1,CE,77100.0,77150.84,174.6,1877400,1709980
2026-08-27 14:10:00,ATM-1,CE,77100.0,77179.93,178.5,2079480,1901920
2026-08-27 14:15:00,ATM-1,CE,77100.0,77216.47,205.85,1683320,1926680
2026-08-27 14:20:00,ATM-1,CE,77100.0,77241.44,204.0,1554300,1771700
2026-08-27 14:25:00,ATM-1,CE,77200.0,77261.16,160.25,4128320,5663460
2026-08-27 14:30:00,ATM-1,CE,77200.0,77257.34,145.0,5529660,4804400
2026-08-27 14:35:00,ATM-1,CE,77200.0,77254.82,152.05,1695980,4727040
2026-08-27 14:40:00,ATM-1,CE,77100.0,77200.25,198.4,1349980,1409920
2026-08-27 14:45:00,ATM-1,CE,77100.0,77235.67,225.8,1458740,1466940
2026-08-27 14:50:00,ATM-1,CE,77100.0,77197.96,198.25,3890060,1281700
2026-08-27 14:55:00,ATM-1,CE,77100.0,77245.54,211.65,992940,1277960
2026-08-27 15:00:00,ATM-1,CE,77100.0,77213.18,189.3,3317620,1203940
2026-08-27 15:05:00,ATM-1,CE,77100.0,77208.08,170.15,1891240,1362500
2026-08-27 15:10:00,ATM-1,CE,77100.0,77182.91,178.4,1833960,1320120
2026-08-27 15:15:00,ATM-1,CE,77100.0,77182.91,189.55,2208080,1233880
2026-08-27 15:20:00,ATM-1,CE,77100.0,77182.91,125.25,6886740,1891960
2026-08-27 15:25:00,ATM-1,CE,76800.0,76933.59,134.0,19872800,497360
2026-08-27 15:30:00,ATM-1,CE,76800.0,76933.59,133.6,763780,515940
2026-08-27 15:35:00,ATM-1,CE,76800.0,76933.59,133.3,125540,462320
2026-08-27 09:15:00,ATM-1,PE,77400.0,77515.13,71.95,11974920,2615060
2026-08-27 09:20:00,ATM-1,PE,77400.0,77483.71,80.5,7243800,3532920
2026-08-27 09:25:00,ATM-1,PE,77300.0,77397.03,65.85,10082960,3832580
2026-08-27 09:30:00,ATM-1,PE,77300.0,77421.64,68.35,10801480,3731740
2026-08-27 09:35:00,ATM-1,PE,77300.0,77389.84,73.6,7676840,4170580
2026-08-27 09:40:00,ATM-1,PE,77300.0,77442.61,60.5,5077740,4669180
2026-08-27 09:45:00,ATM-1,PE,77400.0,77506.41,82.55,6782100,5200680
2026-08-27 09:50:00,ATM-1,PE,77400.0,77459.35,99.5,7907640,5684120
2026-08-27 09:55:00,ATM-1,PE,77300.0,77411.45,69.4,6219660,5096300
2026-08-27 10:00:00,ATM-1,PE,77300.0,77389.69,75.7,7675300,5101360
2026-08-27 10:05:00,ATM-1,PE,77300.0,77395.9,70.0,4986780,5076140
2026-08-27 10:10:00,ATM-1,PE,77300.0,77360.58,86.7,5805180,5558900
2026-08-27 10:15:00,ATM-1,PE,77300.0,77366.94,76.95,5440160,5432700
2026-08-27 10:20:00,ATM-1,PE,77200.0,77332.4,49.1,4361240,5308560
2026-08-27 10:25:00,ATM-1,PE,77200.0,77335.89,49.55,4658960,5400540
2026-08-27 10:30:00,ATM-1,PE,77300.0,77364.16,74.5,4463680,5862000
2026-08-27 10:35:00,ATM-1,PE,77200.0,77336.62,46.15,2798480,5649380
2026-08-27 10:40:00,ATM-1,PE,77200.0,77304.67,60.45,6541460,5611760
2026-08-27 10:45:00,ATM-1,PE,77200.0,77321.24,58.75,7613680,4754240
2026-08-27 10:50:00,ATM-1,PE,77200.0,77285.89,76.5,9535740,4396680
2026-08-27 10:55:00,ATM-1,PE,77200.0,77274.4,79.25,6436220,4763620
2026-08-27 11:00:00,ATM-1,PE,77200.0,77287.52,71.25,7011400,4776440
2026-08-27 11:05:00,ATM-1,PE,77200.0,77277.96,71.3,3529400,5238140
2026-08-27 11:10:00,ATM-1,PE,77200.0,77257.72,82.05,4327580,5263700
2026-08-27 11:15:00,ATM-1,PE,77100.0,77215.42,61.9,5810760,3930100
2026-08-27 11:20:00,ATM-1,PE,77100.0,77193.58,73.4,8348580,3226380
2026-08-27 11:25:00,ATM-1,PE,77100.0,77204.99,72.15,6073840,3255080
2026-08-27 11:30:00,ATM-1,PE,77200.0,77257.53,87.6,5630420,4629640
2026-08-27 11:35:00,ATM-1,PE,77200.0,77251.57,90.9,4174560,5235940
2026-08-27 11:40:00,ATM-1,PE,77100.0,77231.85,60.05,3396600,3993400
2026-08-27 11:45:00,ATM-1,PE,77100.0,77218.96,61.9,2987820,4041280
2026-08-27 11:50:00,ATM-1,PE,77100.0,77240.23,56.05,3277140,3997800
2026-08-27 11:55:00,ATM-1,PE,77200.0,77258.09,78.0,3967240,5643220
2026-08-27 12:00:00,ATM-1,PE,77100.0,77229.67,55.15,3720820,4604800
2026-08-27 12:05:00,ATM-1,PE,77100.0,77208.58,61.4,5567460,4341320
2026-08-27 12:10:00,ATM-1,PE,77200.0,77256.52,78.35,5141580,5613280
2026-08-27 12:15:00,ATM-1,PE,77100.0,77222.69,53.9,4926700,4780760
2026-08-27 12:20:00,ATM-1,PE,77100.0,77203.98,54.65,4195680,4798460
2026-08-27 12:25:00,ATM-1,PE,77200.0,77252.95,70.2,5286860,6342240
2026-08-27 12:30:00,ATM-1,PE,77200.0,77250.8,68.9,3497260,6801980
2026-08-27 12:35:00,ATM-1,PE,77200.0,77311.45,44.1,9283240,6667760
2026-08-27 12:40:00,ATM-1,PE,77200.0,77304.22,43.9,7243220,7486540
2026-08-27 12:45:00,ATM-1,PE,77200.0,77316.99,40.35,5494300,7693260
2026-08-27 12:50:00,ATM-1,PE,77300.0,77361.65,58.2,8433880,6536040
2026-08-27 12:55:00,ATM-1,PE,77200.0,77348.2,34.25,4655020,8003540
2026-08-27 13:00:00,ATM-1,PE,77300.0,77350.44,58.45,6151260,7128500
2026-08-27 13:05:00,ATM-1,PE,77200.0,77347.9,31.65,5958020,8636220
2026-08-27 13:10:00,ATM-1,PE,77300.0,77380.11,46.15,7955160,7343440
2026-08-27 13:15:00,ATM-1,PE,77300.0,77360.65,52.05,8730400,7689380
2026-08-27 13:20:00,ATM-1,PE,77300.0,77385.45,47.2,5809960,7721380
2026-08-27 13:25:00,ATM-1,PE,77300.0,77353.81,50.75,6471980,7846980
2026-08-27 13:30:00,ATM-1,PE,77200.0,77334.86,29.65,9994720,8824240
2026-08-27 13:35:00,ATM-1,PE,77200.0,77347.59,26.15,6712900,9347580
2026-08-27 13:40:00,ATM-1,PE,77200.0,77297.02,36.25,8404560,9503580
2026-08-27 13:45:00,ATM-1,PE,77100.0,77233.26,32.85,21011940,6060380
2026-08-27 13:50:00,ATM-1,PE,77100.0,77212.98,36.3,10184440,7159860
2026-08-27 13:55:00,ATM-1,PE,77100.0,77185.93,44.35,13083020,7198540
2026-08-27 14:00:00,ATM-1,PE,77100.0,77169.44,44.7,11655080,7099380
2026-08-27 14:05:00,ATM-1,PE,77100.0,77150.84,46.25,14139060,7248260
2026-08-27 14:10:00,ATM-1,PE,77100.0,77179.93,40.25,11446720,7278200
2026-08-27 14:15:00,ATM-1,PE,77100.0,77216.47,27.7,9586440,7565600
2026-08-27 14:20:00,ATM-1,PE,77100.0,77241.44,29.2,7088380,7418980
2026-08-27 14:25:00,ATM-1,PE,77200.0,77261.16,35.8,11720700,8286160
2026-08-27 14:30:00,ATM-1,PE,77200.0,77257.34,41.6,18072940,8506740
2026-08-27 14:35:00,ATM-1,PE,77200.0,77254.82,39.3,9188300,9248900
2026-08-27 14:40:00,ATM-1,PE,77100.0,77200.25,31.15,10946840,8303680
2026-08-27 14:45:00,ATM-1,PE,77100.0,77235.67,24.35,10176360,7766120
2026-08-27 14:50:00,ATM-1,PE,77100.0,77197.96,28.85,14271700,7541840
2026-08-27 14:55:00,ATM-1,PE,77100.0,77245.54,19.35,9680440,7975200
2026-08-27 15:00:00,ATM-1,PE,77100.0,77213.18,27.4,14936580,7843380
2026-08-27 15:05:00,ATM-1,PE,77100.0,77208.08,31.65,20293800,7614340
2026-08-27 15:10:00,ATM-1,PE,77100.0,77182.91,36.0,14831140,7468740
2026-08-27 15:15:00,ATM-1,PE,77100.0,77182.91,29.65,16039940,6922340
2026-08-27 15:20:00,ATM-1,PE,77100.0,77182.91,108.3,30647960,4368400
2026-08-27 15:25:00,ATM-1,PE,76800.0,76933.59,0.1,24075100,2895760
2026-08-27 15:30:00,ATM-1,PE,76800.0,76933.59,0.05,8101400,3564120
2026-08-27 15:35:00,ATM-1,PE,76800.0,76933.59,0.05,200660,3392580
2026-08-27 09:15:00,ATM,CE,77500.0,77515.13,161.6,8706900,2058040
2026-08-27 09:20:00,ATM,CE,77500.0,77483.71,140.4,4692580,3356400
2026-08-27 09:25:00,ATM,CE,77400.0,77397.03,168.65,4986520,1796580
2026-08-27 09:30:00,ATM,CE,77400.0,77421.64,171.0,4239440,2464220
2026-08-27 09:35:00,ATM,CE,77400.0,77389.84,157.95,3430020,2880680
2026-08-27 09:40:00,ATM,CE,77400.0,77442.61,177.15,2804280,3411500
2026-08-27 09:45:00,ATM,CE,77500.0,77506.41,131.75,7726020,6807300
2026-08-27 09:50:00,ATM,CE,77500.0,77459.35,110.15,5954680,6927200
2026-08-27 09:55:00,ATM,CE,77400.0,77411.45,146.6,2981520,3555280
2026-08-27 10:00:00,ATM,CE,77400.0,77389.69,135.4,3245820,4563180
2026-08-27 10:05:00,ATM,CE,77400.0,77395.9,142.7,2244820,4796280
2026-08-27 10:10:00,ATM,CE,77400.0,77360.58,116.05,3438980,5162300
2026-08-27 10:15:00,ATM,CE,77400.0,77366.94,123.5,2797500,5800360
2026-08-27 10:20:00,ATM,CE,77300.0,77332.4,170.15,2984240,2522080
2026-08-27 10:25:00,ATM,CE,77300.0,77335.89,170.35,1842980,2702420
2026-08-27 10:30:00,ATM,CE,77400.0,77364.16,124.55,2456980,7123280
2026-08-27 10:35:00,ATM,CE,77300.0,77336.62,178.95,1654960,2814320
2026-08-27 10:40:00,ATM,CE,77300.0,77304.67,150.4,2450740,2904700
2026-08-27 10:45:00,ATM,CE,77300.0,77321.24,155.2,2310980,3258200
2026-08-27 10:50:00,ATM,CE,77300.0,77285.89,137.1,2789000,3775960
2026-08-27 10:55:00,ATM,CE,77300.0,77274.4,136.15,2221680,4493380
2026-08-27 11:00:00,ATM,CE,77300.0,77287.52,141.75,3547360,4861500
2026-08-27 11:05:00,ATM,CE,77300.0,77277.96,142.25,2235060,4940520
2026-08-27 11:10:00,ATM,CE,77300.0,77257.72,124.6,2485680,5077880
2026-08-27 11:15:00,ATM,CE,77200.0,77215.42,166.5,2104480,2657480
2026-08-27 11:20:00,ATM,CE,77200.0,77193.58,151.55,3189840,3172660
2026-08-27 11:25:00,ATM,CE,77200.0,77204.99,161.35,2334280,3638800
2026-08-27 11:30:00,ATM,CE,77300.0,77257.53,128.35,3460980,6756560
2026-08-27 11:35:00,ATM,CE,77300.0,77251.57,126.05,3159360,6689860
2026-08-27 11:40:00,ATM,CE,77200.0,77231.85,177.65,2232900,3628540
2026-08-27 11:45:00,ATM,CE,77200.0,77218.96,170.4,1553380,3704620
2026-08-27 11:50:00,ATM,CE,77200.0,77240.23,184.0,1924380,3855700
2026-08-27 11:55:00,ATM,CE,77300.0,77258.09,139.45,2994700,7170520
2026-08-27 12:00:00,ATM,CE,77200.0,77229.67,178.25,2461000,3761300
2026-08-27 12:05:00,ATM,CE,77200.0,77208.58,163.8,2894660,3865820
2026-08-27 12:10:00,ATM,CE,77300.0,77256.52,125.9,2804820,7627060
2026-08-27 12:15:00,ATM,CE,77200.0,77222.69,167.05,3550320,3857260
2026-08-27 12:20:00,ATM,CE,77200.0,77203.98,166.65,2200660,3926820
2026-08-27 12:25:00,ATM,CE,77300.0,77252.95,134.65,3734540,7795420
2026-08-27 12:30:00,ATM,CE,77300.0,77250.8,134.65,2415500,7701180
2026-08-27 12:35:00,ATM,CE,77300.0,77311.45,165.7,7277060,7407900
2026-08-27 12:40:00,ATM,CE,77300.0,77304.22,160.2,5156600,6751620
2026-08-27 12:45:00,ATM,CE,77300.0,77316.99,170.55,3745940,6693360
2026-08-27 12:50:00,ATM,CE,77400.0,77361.65,115.3,7958400,8159820
2026-08-27 12:55:00,ATM,CE,77300.0,77348.2,173.2,4397700,5388740
2026-08-27 13:00:00,ATM,CE,77400.0,77350.44,112.0,4312140,8313860
2026-08-27 13:05:00,ATM,CE,77300.0,77347.9,172.8,3026760,5167180
2026-08-27 13:10:00,ATM,CE,77400.0,77380.11,124.65,5978620,8413720
2026-08-27 13:15:00,ATM,CE,77400.0,77360.65,111.2,6708160,8374620
2026-08-27 13:20:00,ATM,CE,77400.0,77385.45,118.9,3430080,8518420
2026-08-27 13:25:00,ATM,CE,77400.0,77353.81,108.5,4981200,8535440
2026-08-27 13:30:00,ATM,CE,77300.0,77334.86,153.35,4398660,4708160
2026-08-27 13:35:00,ATM,CE,77300.0,77347.59,154.15,2633960,4886460
2026-08-27 13:40:00,ATM,CE,77300.0,77297.02,120.95,4325360,4939180
2026-08-27 13:45:00,ATM,CE,77200.0,77233.26,131.35,8366340,2760880
2026-08-27 13:50:00,ATM,CE,77200.0,77212.98,125.7,3042040,3681120
2026-08-27 13:55:00,ATM,CE,77200.0,77185.93,110.0,4450120,4468560
2026-08-27 14:00:00,ATM,CE,77200.0,77169.44,105.9,4152160,5033180
2026-08-27 14:05:00,ATM,CE,77200.0,77150.84,103.75,4430440,5781200
2026-08-27 14:10:00,ATM,CE,77200.0,77179.93,109.25,6102440,6306460
2026-08-27 14:15:00,ATM,CE,77200.0,77216.47,130.35,5257660,6483640
2026-08-27 14:20:00,ATM,CE,77200.0,77241.44,128.55,5058440,6235560
2026-08-27 14:25:00,ATM,CE,77300.0,77261.16,95.4,9570500,9630140
2026-08-27 14:30:00,ATM,CE,77300.0,77257.34,84.1,12420360,9209840
2026-08-27 14:35:00,ATM,CE,77300.0,77254.82,88.5,4344080,8969020
2026-08-27 14:40:00,ATM,CE,77200.0,77200.25,124.55,4165080,4644640
2026-08-27 14:45:00,ATM,CE,77200.0,77235.67,148.55,5096640,4863700
2026-08-27 14:50:00,ATM,CE,77200.0,77197.96,124.9,8457860,4640660
2026-08-27 14:55:00,ATM,CE,77200.0,77245.54,133.55,3085700,4611980
2026-08-27 15:00:00,ATM,CE,77200.0,77213.18,117.3,9421720,4373060
2026-08-27 15:05:00,ATM,CE,77200.0,77208.08,99.05,7058080,4634240
2026-08-27 15:10:00,ATM,CE,77200.0,77182.91,106.25,6145780,4517820
2026-08-27 15:15:00,ATM,CE,77200.0,77182.91,112.7,6775860,4406180
2026-08-27 15:20:00,ATM,CE,77200.0,77182.91,71.2,21827300,6163840
2026-08-27 15:25:00,ATM,CE,76900.0,76933.59,34.05,34169380,782720
2026-08-27 15:30:00,ATM,CE,76900.0,76933.59,33.5,5101160,1459780
2026-08-27 15:35:00,ATM,CE,76900.0,76933.59,33.45,1195360,883620
2026-08-27 09:15:00,ATM,PE,77500.0,77515.13,111.35,11395540,3512340
2026-08-27 09:20:00,ATM,PE,77500.0,77483.71,121.9,9388480,4777160
2026-08-27 09:25:00,ATM,PE,77400.0,77397.03,101.25,12313700,3637200
2026-08-27 09:30:00,ATM,PE,77400.0,77421.64,104.5,10638860,3276900
2026-08-27 09:35:00,ATM,PE,77400.0,77389.84,112.5,7892740,4092340
2026-08-27 09:40:00,ATM,PE,77400.0,77442.61,94.6,4942660,4373540
2026-08-27 09:45:00,ATM,PE,77500.0,77506.41,125.7,5526220,4039600
2026-08-27 09:50:00,ATM,PE,77500.0,77459.35,148.2,6136660,4483360
2026-08-27 09:55:00,ATM,PE,77400.0,77411.45,108.1,8027360,5300900
2026-08-27 10:00:00,ATM,PE,77400.0,77389.69,116.9,7955400,4859360
2026-08-27 10:05:00,ATM,PE,77400.0,77395.9,109.2,4404200,4789260
2026-08-27 10:10:00,ATM,PE,77400.0,77360.58,132.9,5443180,5122540
2026-08-27 10:15:00,ATM,PE,77400.0,77366.94,119.75,4485760,4828280
2026-08-27 10:20:00,ATM,PE,77300.0,77332.4,81.3,4045760,5478880
2026-08-27 10:25:00,ATM,PE,77300.0,77335.89,81.65,5621560,5631180
2026-08-27 10:30:00,ATM,PE,77400.0,77364.16,116.4,4245080,4918980
2026-08-27 10:35:00,ATM,PE,77300.0,77336.62,76.05,2414520,5943480
2026-08-27 10:40:00,ATM,PE,77300.0,77304.67,96.35,7414180,5878140
2026-08-27 10:45:00,ATM,PE,77300.0,77321.24,93.4,8079380,5291520
2026-08-27 10:50:00,ATM,PE,77300.0,77285.89,115.3,9339780,4562460
2026-08-27 10:55:00,ATM,PE,77300.0,77274.4,118.25,5417200,4572680
2026-08-27 11:00:00,ATM,PE,77300.0,77287.52,108.45,6834980,4485200
2026-08-27 11:05:00,ATM,PE,77300.0,77277.96,109.15,3328360,4719120
2026-08-27 11:10:00,ATM,PE,77300.0,77257.72,123.15,3658000,4845460
2026-08-27 11:15:00,ATM,PE,77200.0,77215.42,96.6,8382440,4989500
2026-08-27 11:20:00,ATM,PE,77200.0,77193.58,112.45,10070620,4220320
2026-08-27 11:25:00,ATM,PE,77200.0,77204.99,108.9,6959880,4037520
2026-08-27 11:30:00,ATM,PE,77300.0,77257.53,130.5,5464640,3224100
2026-08-27 11:35:00,ATM,PE,77300.0,77251.57,135.65,4356660,3456180
2026-08-27 11:40:00,ATM,PE,77200.0,77231.85,93.8,3725860,5425500
2026-08-27 11:45:00,ATM,PE,77200.0,77218.96,96.55,4641200,5451840
2026-08-27 11:50:00,ATM,PE,77200.0,77240.23,87.85,4960720,5441160
2026-08-27 11:55:00,ATM,PE,77300.0,77258.09,120.15,2469980,3615940
2026-08-27 12:00:00,ATM,PE,77200.0,77229.67,86.8,5321740,5988240
2026-08-27 12:05:00,ATM,PE,77200.0,77208.58,94.75,7463660,5391980
2026-08-27 12:10:00,ATM,PE,77300.0,77256.52,120.35,5785500,3742500
2026-08-27 12:15:00,ATM,PE,77200.0,77222.69,84.5,6459620,6220400
2026-08-27 12:20:00,ATM,PE,77200.0,77203.98,87.5,5909380,6232280
2026-08-27 12:25:00,ATM,PE,77300.0,77252.95,109.05,4910180,4129520
2026-08-27 12:30:00,ATM,PE,77300.0,77250.8,107.15,4761360,4376920
2026-08-27 12:35:00,ATM,PE,77300.0,77311.45,74.0,7013160,4746420
2026-08-27 12:40:00,ATM,PE,77300.0,77304.22,73.6,6990320,5523360
2026-08-27 12:45:00,ATM,PE,77300.0,77316.99,68.05,5502900,5706100
2026-08-27 12:50:00,ATM,PE,77400.0,77361.65,98.5,7661040,3744580
2026-08-27 12:55:00,ATM,PE,77300.0,77348.2,59.5,3589420,6730960
2026-08-27 13:00:00,ATM,PE,77400.0,77350.44,97.15,5248520,4072140
2026-08-27 13:05:00,ATM,PE,77300.0,77347.9,56.15,7025380,7270700
2026-08-27 13:10:00,ATM,PE,77400.0,77380.11,81.3,5713220,4276340
2026-08-27 13:15:00,ATM,PE,77400.0,77360.65,90.1,7903600,4910660
2026-08-27 13:20:00,ATM,PE,77400.0,77385.45,83.75,4607360,4923660
2026-08-27 13:25:00,ATM,PE,77400.0,77353.81,87.7,4915260,4970640
2026-08-27 13:30:00,ATM,PE,77300.0,77334.86,53.95,12272760,8284100
2026-08-27 13:35:00,ATM,PE,77300.0,77347.59,48.95,7659420,8798940
2026-08-27 13:40:00,ATM,PE,77300.0,77297.02,66.5,11292920,8506920
2026-08-27 13:45:00,ATM,PE,77200.0,77233.26,61.3,24238180,8045660
2026-08-27 13:50:00,ATM,PE,77200.0,77212.98,66.75,13038420,8312000
2026-08-27 13:55:00,ATM,PE,77200.0,77185.93,78.3,15508680,7798980
2026-08-27 14:00:00,ATM,PE,77200.0,77169.44,79.15,11968900,7720180
2026-08-27 14:05:00,ATM,PE,77200.0,77150.84,76.0,13402280,7811460
2026-08-27 14:10:00,ATM,PE,77200.0,77179.93,71.5,10833980,7497800
2026-08-27 14:15:00,ATM,PE,77200.0,77216.47,53.35,9585640,7747500
2026-08-27 14:20:00,ATM,PE,77200.0,77241.44,55.05,8653940,7984440
2026-08-27 14:25:00,ATM,PE,77300.0,77261.16,70.65,10844080,4495220
2026-08-27 14:30:00,ATM,PE,77300.0,77257.34,80.4,17601260,4894040
2026-08-27 14:35:00,ATM,PE,77300.0,77254.82,76.4,9572900,5123200
2026-08-27 14:40:00,ATM,PE,77200.0,77200.25,58.4,13004020,9045880
2026-08-27 14:45:00,ATM,PE,77200.0,77235.67,47.15,11898320,8774760
2026-08-27 14:50:00,ATM,PE,77200.0,77197.96,57.1,12304980,8009320
2026-08-27 14:55:00,ATM,PE,77200.0,77245.54,41.35,11028660,8578420
2026-08-27 15:00:00,ATM,PE,77200.0,77213.18,55.45,15132840,8740900
2026-08-27 15:05:00,ATM,PE,77200.0,77208.08,60.95,22019360,7795900
2026-08-27 15:10:00,ATM,PE,77200.0,77182.91,63.95,14241600,7527820
2026-08-27 15:15:00,ATM,PE,77200.0,77182.91,54.1,16273700,7062000
2026-08-27 15:20:00,ATM,PE,77200.0,77182.91,176.7,28138400,4106200
2026-08-27 15:25:00,ATM,PE,76900.0,76933.59,0.3,18733940,1715520
2026-08-27 15:30:00,ATM,PE,76900.0,76933.59,0.05,20233340,5653480
2026-08-27 15:35:00,ATM,PE,76900.0,76933.59,0.05,3324320,4914840
2026-08-27 09:15:00,ATM+1,CE,77600.0,77515.13,111.0,10736000,2865700
2026-08-27 09:20:00,ATM+1,CE,77600.0,77483.71,94.85,5362380,4330960
2026-08-27 09:25:00,ATM+1,CE,77500.0,77397.03,117.85,6326160,4834740
2026-08-27 09:30:00,ATM+1,CE,77500.0,77421.64,119.4,6357060,5686020
2026-08-27 09:35:00,ATM+1,CE,77500.0,77389.84,110.2,5642720,6113140
2026-08-27 09:40:00,ATM+1,CE,77500.0,77442.61,125.8,4463620,6867020
2026-08-27 09:45:00,ATM+1,CE,77600.0,77506.41,89.3,6761040,6349680
2026-08-27 09:50:00,ATM+1,CE,77600.0,77459.35,73.0,5235760,6518860
2026-08-27 09:55:00,ATM+1,CE,77500.0,77411.45,98.55,5343020,7734680
2026-08-27 10:00:00,ATM+1,CE,77500.0,77389.69,91.0,5213720,8487940
2026-08-27 10:05:00,ATM+1,CE,77500.0,77395.9,96.85,3198080,8719520
2026-08-27 10:10:00,ATM+1,CE,77500.0,77360.58,78.0,4492500,8785900
2026-08-27 10:15:00,ATM+1,CE,77500.0,77366.94,82.4,3587380,9349460
2026-08-27 10:20:00,ATM+1,CE,77400.0,77332.4,114.6,3651820,6629220
2026-08-27 10:25:00,ATM+1,CE,77400.0,77335.89,115.0,2833140,6965060
2026-08-27 10:30:00,ATM+1,CE,77500.0,77364.16,83.7,3466280,10004820
2026-08-27 10:35:00,ATM+1,CE,77400.0,77336.62,120.55,2303980,7364880
2026-08-27 10:40:00,ATM+1,CE,77400.0,77304.67,100.0,4088220,7436680
2026-08-27 10:45:00,ATM+1,CE,77400.0,77321.24,103.5,3678780,7955500
2026-08-27 10:50:00,ATM+1,CE,77400.0,77285.89,90.15,4607140,8613160
2026-08-27 10:55:00,ATM+1,CE,77400.0,77274.4,90.7,2476740,9000180
2026-08-27 11:00:00,ATM+1,CE,77400.0,77287.52,95.5,4188280,9128600
2026-08-27 11:05:00,ATM+1,CE,77400.0,77277.96,95.6,2663300,9094340
2026-08-27 11:10:00,ATM+1,CE,77400.0,77257.72,82.95,2533000,9047140
2026-08-27 11:15:00,ATM+1,CE,77300.0,77215.42,111.45,3615740,5740120
2026-08-27 11:20:00,ATM+1,CE,77300.0,77193.58,103.45,4440660,6500960
2026-08-27 11:25:00,ATM+1,CE,77300.0,77204.99,111.85,2889640,6671880
2026-08-27 11:30:00,ATM+1,CE,77400.0,77257.53,88.5,3905680,8877180
2026-08-27 11:35:00,ATM+1,CE,77400.0,77251.57,86.75,3715220,8610760
2026-08-27 11:40:00,ATM+1,CE,77300.0,77231.85,123.25,3115400,6770020
2026-08-27 11:45:00,ATM+1,CE,77300.0,77218.96,117.25,2451080,6860540
2026-08-27 11:50:00,ATM+1,CE,77300.0,77240.23,128.85,2932320,6974820
2026-08-27 11:55:00,ATM+1,CE,77400.0,77258.09,97.2,3092920,8578560
2026-08-27 12:00:00,ATM+1,CE,77300.0,77229.67,122.6,4099680,7217980
2026-08-27 12:05:00,ATM+1,CE,77300.0,77208.58,111.6,3863800,7453100
2026-08-27 12:10:00,ATM+1,CE,77400.0,77256.52,84.6,3486780,8975080
2026-08-27 12:15:00,ATM+1,CE,77300.0,77222.69,110.2,4748320,7467120
2026-08-27 12:20:00,ATM+1,CE,77300.0,77203.98,111.55,3386800,7751680
2026-08-27 12:25:00,ATM+1,CE,77400.0,77252.95,90.05,4349340,9128960
2026-08-27 12:30:00,ATM+1,CE,77400.0,77250.8,90.4,3362320,9173100
2026-08-27 12:35:00,ATM+1,CE,77400.0,77311.45,110.7,8063200,9234040
2026-08-27 12:40:00,ATM+1,CE,77400.0,77304.22,105.85,7064640,9041240
2026-08-27 12:45:00,ATM+1,CE,77400.0,77316.99,113.3,4992080,9054140
2026-08-27 12:50:00,ATM+1,CE,77500.0,77361.65,75.0,10810360,11716560
2026-08-27 12:55:00,ATM+1,CE,77400.0,77348.2,113.5,5907000,8349300
2026-08-27 13:00:00,ATM+1,CE,77500.0,77350.44,71.3,5933140,12012240
2026-08-27 13:05:00,ATM+1,CE,77400.0,77347.9,112.7,5312960,8626820
2026-08-27 13:10:00,ATM+1,CE,77500.0,77380.11,79.6,7941880,12063120
2026-08-27 13:15:00,ATM+1,CE,77500.0,77360.65,69.45,8919760,12251280
2026-08-27 13:20:00,ATM+1,CE,77500.0,77385.45,75.6,4393080,12494880
2026-08-27 13:25:00,ATM+1,CE,77500.0,77353.81,66.95,6816220,12527920
2026-08-27 13:30:00,ATM+1,CE,77400.0,77334.86,93.75,8046780,8842660
2026-08-27 13:35:00,ATM+1,CE,77400.0,77347.59,94.15,4870780,9138640
2026-08-27 13:40:00,ATM+1,CE,77400.0,77297.02,70.05,8111340,9804780
2026-08-27 13:45:00,ATM+1,CE,77300.0,77233.26,76.0,13402200,6651800
2026-08-27 13:50:00,ATM+1,CE,77300.0,77212.98,72.05,5665620,7998460
2026-08-27 13:55:00,ATM+1,CE,77300.0,77185.93,63.35,6375600,8486300
2026-08-27 14:00:00,ATM+1,CE,77300.0,77169.44,60.05,5299900,8701820
2026-08-27 14:05:00,ATM+1,CE,77300.0,77150.84,60.55,6949540,9290160
2026-08-27 14:10:00,ATM+1,CE,77300.0,77179.93,62.15,8163140,9660120
2026-08-27 14:15:00,ATM+1,CE,77300.0,77216.47,75.25,6900520,9888580
2026-08-27 14:20:00,ATM+1,CE,77300.0,77241.44,74.05,8168540,10010420
2026-08-27 14:25:00,ATM+1,CE,77400.0,77261.16,54.9,12430840,10687580
2026-08-27 14:30:00,ATM+1,CE,77400.0,77257.34,46.45,17416380,10264980
2026-08-27 14:35:00,ATM+1,CE,77400.0,77254.82,49.4,6943940,10003620
2026-08-27 14:40:00,ATM+1,CE,77300.0,77200.25,69.9,8460220,8994820
2026-08-27 14:45:00,ATM+1,CE,77300.0,77235.67,87.25,9442580,8709900
2026-08-27 14:50:00,ATM+1,CE,77300.0,77197.96,71.15,10990960,8511760
2026-08-27 14:55:00,ATM+1,CE,77300.0,77245.54,75.95,7076320,8140860
2026-08-27 15:00:00,ATM+1,CE,77300.0,77213.18,64.1,15611080,7651820
2026-08-27 15:05:00,ATM+1,CE,77300.0,77208.08,50.3,15119640,7755700
2026-08-27 15:10:00,ATM+1,CE,77300.0,77182.91,57.5,10251260,7415120
2026-08-27 15:15:00,ATM+1,CE,77300.0,77182.91,57.55,11964780,6488560
2026-08-27 15:20:00,ATM+1,CE,77300.0,77182.91,34.4,26291400,6915960
2026-08-27 15:25:00,ATM+1,CE,77000.0,76933.59,0.85,33843280,2681400
2026-08-27 15:30:00,ATM+1,CE,77000.0,76933.59,0.05,22606700,7534960
2026-08-27 15:35:00,ATM+1,CE,77000.0,76933.59,0.05,1366720,6589440
2026-08-27 09:15:00,ATM+1,PE,77600.0,77515.13,161.2,7273760,2135240
2026-08-27 09:20:00,ATM+1,PE,77600.0,77483.71,176.15,4440120,2468840
2026-08-27 09:25:00,ATM+1,PE,77500.0,77397.03,150.5,8159340,3803620
2026-08-27 09:30:00,ATM+1,PE,77500.0,77421.64,153.15,7589140,3125220
2026-08-27 09:35:00,ATM+1,PE,77500.0,77389.84,164.6,5510100,3229320
2026-08-27 09:40:00,ATM+1,PE,77500.0,77442.61,141.6,3260280,3148740
2026-08-27 09:45:00,ATM+1,PE,77600.0,77506.41,183.75,2043560,1640080
2026-08-27 09:50:00,ATM+1,PE,77600.0,77459.35,212.05,2444140,1698460
2026-08-27 09:55:00,ATM+1,PE,77500.0,77411.45,161.35,5076880,3933140
2026-08-27 10:00:00,ATM+1,PE,77500.0,77389.69,172.75,5544160,3455620
2026-08-27 10:05:00,ATM+1,PE,77500.0,77395.9,163.3,2400700,3317860
2026-08-27 10:10:00,ATM+1,PE,77500.0,77360.58,194.8,3193880,3383040
2026-08-27 10:15:00,ATM+1,PE,77500.0,77366.94,178.35,2525780,3079560
2026-08-27 10:20:00,ATM+1,PE,77400.0,77332.4,125.5,2773600,4777380
2026-08-27 10:25:00,ATM+1,PE,77400.0,77335.89,126.8,4227580,4801860
2026-08-27 10:30:00,ATM+1,PE,77500.0,77364.16,175.3,2923460,2943960
2026-08-27 10:35:00,ATM+1,PE,77400.0,77336.62,118.9,1553180,5018260
2026-08-27 10:40:00,ATM+1,PE,77400.0,77304.67,144.6,5437940,4972300
2026-08-27 10:45:00,ATM+1,PE,77400.0,77321.24,141.55,5143260,4156600
2026-08-27 10:50:00,ATM+1,PE,77400.0,77285.89,169.05,5719540,3294220
2026-08-27 10:55:00,ATM+1,PE,77400.0,77274.4,172.7,2686140,3082140
2026-08-27 11:00:00,ATM+1,PE,77400.0,77287.52,162.1,4143800,2785060
2026-08-27 11:05:00,ATM+1,PE,77400.0,77277.96,162.55,1630500,2857000
2026-08-27 11:10:00,ATM+1,PE,77400.0,77257.72,181.45,1694580,2815240
2026-08-27 11:15:00,ATM+1,PE,77300.0,77215.42,143.25,6583220,4726280
2026-08-27 11:20:00,ATM+1,PE,77300.0,77193.58,163.95,6440860,3759140
2026-08-27 11:25:00,ATM+1,PE,77300.0,77204.99,159.15,3839140,3316280
2026-08-27 11:30:00,ATM+1,PE,77400.0,77257.53,190.25,2673180,2014780
2026-08-27 11:35:00,ATM+1,PE,77400.0,77251.57,195.8,2266780,2120140
2026-08-27 11:40:00,ATM+1,PE,77300.0,77231.85,138.85,2232440,3651740
2026-08-27 11:45:00,ATM+1,PE,77300.0,77218.96,142.15,2625820,3623200
2026-08-27 11:50:00,ATM+1,PE,77300.0,77240.23,131.55,2883680,3548980
2026-08-27 11:55:00,ATM+1,PE,77400.0,77258.09,177.1,1264860,2173860
2026-08-27 12:00:00,ATM+1,PE,77300.0,77229.67,131.55,3387300,3840080
2026-08-27 12:05:00,ATM+1,PE,77300.0,77208.58,142.85,4258160,3724020
2026-08-27 12:10:00,ATM+1,PE,77400.0,77256.52,179.0,3363540,2094220
2026-08-27 12:15:00,ATM+1,PE,77300.0,77222.69,131.3,3982860,4056540
2026-08-27 12:20:00,ATM+1,PE,77300.0,77203.98,132.25,3433960,3963800
2026-08-27 12:25:00,ATM+1,PE,77400.0,77252.95,164.4,2680280,2222540
2026-08-27 12:30:00,ATM+1,PE,77400.0,77250.8,161.55,3011760,2297400
2026-08-27 12:35:00,ATM+1,PE,77400.0,77311.45,119.15,3181680,2322380
2026-08-27 12:40:00,ATM+1,PE,77400.0,77304.22,119.7,3587280,2705620
2026-08-27 12:45:00,ATM+1,PE,77400.0,77316.99,110.6,2523360,2882080
2026-08-27 12:50:00,ATM+1,PE,77500.0,77361.65,157.4,3723260,2430320
2026-08-27 12:55:00,ATM+1,PE,77400.0,77348.2,99.15,1777780,3959000
2026-08-27 13:00:00,ATM+1,PE,77500.0,77350.44,158.3,2921720,2643680
2026-08-27 13:05:00,ATM+1,PE,77400.0,77347.9,94.95,4105640,3920160
2026-08-27 13:10:00,ATM+1,PE,77500.0,77380.11,135.25,2824000,2855580
2026-08-27 13:15:00,ATM+1,PE,77500.0,77360.65,147.25,4035820,2964540
2026-08-27 13:20:00,ATM+1,PE,77500.0,77385.45,141.1,2579340,3212680
2026-08-27 13:25:00,ATM+1,PE,77500.0,77353.81,145.45,2412440,3026340
2026-08-27 13:30:00,ATM+1,PE,77400.0,77334.86,93.8,7858600,5065540
2026-08-27 13:35:00,ATM+1,PE,77400.0,77347.59,87.9,5134460,5196920
2026-08-27 13:40:00,ATM+1,PE,77400.0,77297.02,115.1,6694800,4851500
2026-08-27 13:45:00,ATM+1,PE,77300.0,77233.26,104.65,15347360,6510420
2026-08-27 13:50:00,ATM+1,PE,77300.0,77212.98,113.3,8210140,5696180
2026-08-27 13:55:00,ATM+1,PE,77300.0,77185.93,130.85,7602860,5139180
2026-08-27 14:00:00,ATM+1,PE,77300.0,77169.44,132.35,5450500,4854880
2026-08-27 14:05:00,ATM+1,PE,77300.0,77150.84,129.6,8761260,4446740
2026-08-27 14:10:00,ATM+1,PE,77300.0,77179.93,123.8,4880980,4142580
2026-08-27 14:15:00,ATM+1,PE,77300.0,77216.47,97.55,4303480,4265740
2026-08-27 14:20:00,ATM+1,PE,77300.0,77241.44,99.65,4368860,4246500
2026-08-27 14:25:00,ATM+1,PE,77400.0,77261.16,127.4,5133340,2326820
2026-08-27 14:30:00,ATM+1,PE,77400.0,77257.34,142.65,10287100,2604920
2026-08-27 14:35:00,ATM+1,PE,77400.0,77254.82,136.45,5365180,2317040
2026-08-27 14:40:00,ATM+1,PE,77300.0,77200.25,103.55,7362900,4961740
2026-08-27 14:45:00,ATM+1,PE,77300.0,77235.67,86.4,6556280,4552160
2026-08-27 14:50:00,ATM+1,PE,77300.0,77197.96,103.95,6969840,4320760
2026-08-27 14:55:00,ATM+1,PE,77300.0,77245.54,82.6,5865060,4271120
2026-08-27 15:00:00,ATM+1,PE,77300.0,77213.18,102.05,7942360,4384060
2026-08-27 15:05:00,ATM+1,PE,77300.0,77208.08,112.55,9644980,3711000
2026-08-27 15:10:00,ATM+1,PE,77300.0,77182.91,115.55,6107500,3590720
2026-08-27 15:15:00,ATM+1,PE,77300.0,77182.91,98.9,7472500,3367740
2026-08-27 15:20:00,ATM+1,PE,77300.0,77182.91,233.85,11781360,2546080
2026-08-27 15:25:00,ATM+1,PE,77000.0,76933.59,67.3,10445500,2650760
2026-08-27 15:30:00,ATM+1,PE,77000.0,76933.59,66.3,4140140,2293960
2026-08-27 15:35:00,ATM+1,PE,77000.0,76933.59,66.35,941300,2004980
2026-08-27 09:15:00,ATM+2,CE,77700.0,77515.13,74.7,10084020,3831400
2026-08-27 09:20:00,ATM+2,CE,77700.0,77483.71,62.45,6314060,4726840
2026-08-27 09:25:00,ATM+2,CE,77600.0,77397.03,79.95,6342760,5249920
2026-08-27 09:30:00,ATM+2,CE,77600.0,77421.64,81.5,5324920,5628440
2026-08-27 09:35:00,ATM+2,CE,77600.0,77389.84,74.65,5127800,5796020
2026-08-27 09:40:00,ATM+2,CE,77600.0,77442.61,85.7,3382780,6337100
2026-08-27 09:45:00,ATM+2,CE,77700.0,77506.41,59.6,5416920,6505120
2026-08-27 09:50:00,ATM+2,CE,77700.0,77459.35,48.95,4249520,6570420
2026-08-27 09:55:00,ATM+2,CE,77600.0,77411.45,65.05,4297320,6886600
2026-08-27 10:00:00,ATM+2,CE,77600.0,77389.69,60.05,4603680,7189520
2026-08-27 10:05:00,ATM+2,CE,77600.0,77395.9,63.7,2027240,7355080
2026-08-27 10:10:00,ATM+2,CE,77600.0,77360.58,51.95,2988100,7450580
2026-08-27 10:15:00,ATM+2,CE,77600.0,77366.94,53.9,2342780,7622020
2026-08-27 10:20:00,ATM+2,CE,77500.0,77332.4,77.2,2785460,9761100
2026-08-27 10:25:00,ATM+2,CE,77500.0,77335.89,77.05,3544000,9994200
2026-08-27 10:30:00,ATM+2,CE,77600.0,77364.16,55.45,3163820,7888200
2026-08-27 10:35:00,ATM+2,CE,77500.0,77336.62,81.25,1828340,10219900
2026-08-27 10:40:00,ATM+2,CE,77500.0,77304.67,66.75,5202820,10337960
2026-08-27 10:45:00,ATM+2,CE,77500.0,77321.24,69.0,4315160,10644680
2026-08-27 10:50:00,ATM+2,CE,77500.0,77285.89,60.8,4641360,10854660
2026-08-27 10:55:00,ATM+2,CE,77500.0,77274.4,62.25,2689860,10943500
2026-08-27 11:00:00,ATM+2,CE,77500.0,77287.52,65.15,4754880,11369540
2026-08-27 11:05:00,ATM+2,CE,77500.0,77277.96,65.65,2854500,11297400
2026-08-27 11:10:00,ATM+2,CE,77500.0,77257.72,57.1,2499640,11284040
2026-08-27 11:15:00,ATM+2,CE,77400.0,77215.42,76.3,3402920,9276180
2026-08-27 11:20:00,ATM+2,CE,77400.0,77193.58,70.95,4029920,9273080
2026-08-27 11:25:00,ATM+2,CE,77400.0,77204.99,77.1,2531960,9023200
2026-08-27 11:30:00,ATM+2,CE,77500.0,77257.53,60.6,3599280,11778420
2026-08-27 11:35:00,ATM+2,CE,77500.0,77251.57,60.1,4272680,11853140
2026-08-27 11:40:00,ATM+2,CE,77400.0,77231.85,84.4,3107080,8457460
2026-08-27 11:45:00,ATM+2,CE,77400.0,77218.96,79.6,2420520,8481680
2026-08-27 11:50:00,ATM+2,CE,77400.0,77240.23,88.35,2923780,8612740
2026-08-27 11:55:00,ATM+2,CE,77500.0,77258.09,67.85,3172160,12097500
2026-08-27 12:00:00,ATM+2,CE,77400.0,77229.67,82.95,4123880,8620380
2026-08-27 12:05:00,ATM+2,CE,77400.0,77208.58,74.45,3990320,8873120
2026-08-27 12:10:00,ATM+2,CE,77500.0,77256.52,57.25,3499140,12629160
2026-08-27 12:15:00,ATM+2,CE,77400.0,77222.69,73.6,4925440,8971660
2026-08-27 12:20:00,ATM+2,CE,77400.0,77203.98,73.45,3261180,9167460
2026-08-27 12:25:00,ATM+2,CE,77500.0,77252.95,60.7,4698400,12908460
2026-08-27 12:30:00,ATM+2,CE,77500.0,77250.8,61.4,3753700,13063860
2026-08-27 12:35:00,ATM+2,CE,77500.0,77311.45,75.85,9987660,12885040
2026-08-27 12:40:00,ATM+2,CE,77500.0,77304.22,70.05,8723200,12493500
2026-08-27 12:45:00,ATM+2,CE,77500.0,77316.99,76.0,5650400,12626000
2026-08-27 12:50:00,ATM+2,CE,77600.0,77361.65,48.6,10057580,8533740
2026-08-27 12:55:00,ATM+2,CE,77500.0,77348.2,73.0,4993700,12015360
2026-08-27 13:00:00,ATM+2,CE,77600.0,77350.44,44.9,5537060,8755780
2026-08-27 13:05:00,ATM+2,CE,77500.0,77347.9,71.45,6831680,12407940
2026-08-27 13:10:00,ATM+2,CE,77600.0,77380.11,48.7,6133280,8940720
2026-08-27 13:15:00,ATM+2,CE,77600.0,77360.65,42.5,7952360,8992600
2026-08-27 13:20:00,ATM+2,CE,77600.0,77385.45,46.9,3599180,9057300
2026-08-27 13:25:00,ATM+2,CE,77600.0,77353.81,40.25,5557280,9182620
2026-08-27 13:30:00,ATM+2,CE,77500.0,77334.86,55.35,9914700,12024560
2026-08-27 13:35:00,ATM+2,CE,77500.0,77347.59,54.75,5999000,12486220
2026-08-27 13:40:00,ATM+2,CE,77500.0,77297.02,39.75,8979940,12708100
2026-08-27 13:45:00,ATM+2,CE,77400.0,77233.26,43.0,14561260,10401720
2026-08-27 13:50:00,ATM+2,CE,77400.0,77212.98,40.95,6187780,10778580
2026-08-27 13:55:00,ATM+2,CE,77400.0,77185.93,36.55,6335620,10713440
2026-08-27 14:00:00,ATM+2,CE,77400.0,77169.44,34.8,4623080,10620060
2026-08-27 14:05:00,ATM+2,CE,77400.0,77150.84,34.9,6467100,10663260
2026-08-27 14:10:00,ATM+2,CE,77400.0,77179.93,36.3,6658960,10472280
2026-08-27 14:15:00,ATM+2,CE,77400.0,77216.47,44.0,6029100,10454500
2026-08-27 14:20:00,ATM+2,CE,77400.0,77241.44,42.4,6418900,10406480
2026-08-27 14:25:00,ATM+2,CE,77500.0,77261.16,32.85,10914260,14499500
2026-08-27 14:30:00,ATM+2,CE,77500.0,77257.34,26.0,16810860,13949340
2026-08-27 14:35:00,ATM+2,CE,77500.0,77254.82,27.6,7191680,13634280
2026-08-27 14:40:00,ATM+2,CE,77400.0,77200.25,37.65,8818560,9888040
2026-08-27 14:45:00,ATM+2,CE,77400.0,77235.67,48.15,9151140,9851060
2026-08-27 14:50:00,ATM+2,CE,77400.0,77197.96,38.85,11088600,9463700
2026-08-27 14:55:00,ATM+2,CE,77400.0,77245.54,39.5,6977420,9330580
2026-08-27 15:00:00,ATM+2,CE,77400.0,77213.18,33.15,16375760,9240380
2026-08-27 15:05:00,ATM+2,CE,77400.0,77208.08,24.7,14284040,8661260
2026-08-27 15:10:00,ATM+2,CE,77400.0,77182.91,30.8,10440600,8398940
2026-08-27 15:15:00,ATM+2,CE,77400.0,77182.91,29.85,12250740,7889600
2026-08-27 15:20:00,ATM+2,CE,77400.0,77182.91,14.5,21868380,7365040
2026-08-27 15:25:00,ATM+2,CE,77100.0,76933.59,0.15,24527500,3383440
2026-08-27 15:30:00,ATM+2,CE,77100.0,76933.59,0.05,5712960,3082200
2026-08-27 15:35:00,ATM+2,CE,77100.0,76933.59,0.05,221020,2989960
2026-08-27 09:15:00,ATM+2,PE,77700.0,77515.13,225.75,3717520,1136880
2026-08-27 09:20:00,ATM+2,PE,77700.0,77483.71,245.0,2898200,1264740
2026-08-27 09:25:00,ATM+2,PE,77600.0,77397.03,213.6,4240900,1840460
2026-08-27 09:30:00,ATM+2,PE,77600.0,77421.64,215.05,3294220,1426680
2026-08-27 09:35:00,ATM+2,PE,77600.0,77389.84,229.0,2134260,1484300
2026-08-27 09:40:00,ATM+2,PE,77600.0,77442.61,201.15,1421440,1403000
2026-08-27 09:45:00,ATM+2,PE,77700.0,77506.41,255.3,1023700,1040300
2026-08-27 09:50:00,ATM+2,PE,77700.0,77459.35,287.25,1469300,1082600
2026-08-27 09:55:00,ATM+2,PE,77600.0,77411.45,227.05,2103320,1510200
2026-08-27 10:00:00,ATM+2,PE,77600.0,77389.69,241.8,2638220,1316260
2026-08-27 10:05:00,ATM+2,PE,77600.0,77395.9,229.9,861700,1291400
2026-08-27 10:10:00,ATM+2,PE,77600.0,77360.58,264.6,1127960,1287880
2026-08-27 10:15:00,ATM+2,PE,77600.0,77366.94,249.45,955360,1211100
2026-08-27 10:20:00,ATM+2,PE,77500.0,77332.4,187.65,1399500,3022960
2026-08-27 10:25:00,ATM+2,PE,77500.0,77335.89,188.55,2382000,2988080
2026-08-27 10:30:00,ATM+2,PE,77600.0,77364.16,246.9,1463900,1108340
2026-08-27 10:35:00,ATM+2,PE,77500.0,77336.62,178.7,661500,2981300
2026-08-27 10:40:00,ATM+2,PE,77500.0,77304.67,212.25,3145920,2966840
2026-08-27 10:45:00,ATM+2,PE,77500.0,77321.24,207.9,3006620,2446060
2026-08-27 10:50:00,ATM+2,PE,77500.0,77285.89,237.75,2915240,2236500
2026-08-27 10:55:00,ATM+2,PE,77500.0,77274.4,243.95,1411800,2033440
2026-08-27 11:00:00,ATM+2,PE,77500.0,77287.52,229.65,2153380,1869940
2026-08-27 11:05:00,ATM+2,PE,77500.0,77277.96,231.75,876480,1961080
2026-08-27 11:10:00,ATM+2,PE,77500.0,77257.72,254.35,1017300,1952860
2026-08-27 11:15:00,ATM+2,PE,77400.0,77215.42,207.8,3209320,2533020
2026-08-27 11:20:00,ATM+2,PE,77400.0,77193.58,232.6,2861520,2201160
2026-08-27 11:25:00,ATM+2,PE,77400.0,77204.99,224.35,1848900,2072880
2026-08-27 11:30:00,ATM+2,PE,77500.0,77257.53,262.8,1557200,1592300
2026-08-27 11:35:00,ATM+2,PE,77500.0,77251.57,269.25,1199540,1651800
2026-08-27 11:40:00,ATM+2,PE,77400.0,77231.85,200.6,1058560,2124520
2026-08-27 11:45:00,ATM+2,PE,77400.0,77218.96,204.7,1168380,2121240
2026-08-27 11:50:00,ATM+2,PE,77400.0,77240.23,191.45,1289060,2064740
2026-08-27 11:55:00,ATM+2,PE,77500.0,77258.09,247.85,657040,1712640
2026-08-27 12:00:00,ATM+2,PE,77400.0,77229.67,191.25,1480060,2165840
2026-08-27 12:05:00,ATM+2,PE,77400.0,77208.58,204.55,1906700,2055560
2026-08-27 12:10:00,ATM+2,PE,77500.0,77256.52,250.7,1370860,1622800
2026-08-27 12:15:00,ATM+2,PE,77400.0,77222.69,192.85,1747960,2172000
2026-08-27 12:20:00,ATM+2,PE,77400.0,77203.98,194.55,1334480,2094320
2026-08-27 12:25:00,ATM+2,PE,77500.0,77252.95,234.75,1140540,1641940
2026-08-27 12:30:00,ATM+2,PE,77500.0,77250.8,232.3,1514740,1689680
2026-08-27 12:35:00,ATM+2,PE,77500.0,77311.45,183.55,1774520,1801160
2026-08-27 12:40:00,ATM+2,PE,77500.0,77304.22,183.25,1672940,2049360
2026-08-27 12:45:00,ATM+2,PE,77500.0,77316.99,173.0,1208460,2189720
2026-08-27 12:50:00,ATM+2,PE,77600.0,77361.65,229.85,1731220,799920
2026-08-27 12:55:00,ATM+2,PE,77500.0,77348.2,156.9,558960,2531300
2026-08-27 13:00:00,ATM+2,PE,77600.0,77350.44,231.3,1197980,859760
2026-08-27 13:05:00,ATM+2,PE,77500.0,77347.9,153.9,1779160,2643560
2026-08-27 13:10:00,ATM+2,PE,77600.0,77380.11,205.0,1110620,921140
2026-08-27 13:15:00,ATM+2,PE,77600.0,77360.65,220.55,1507800,1056720
2026-08-27 13:20:00,ATM+2,PE,77600.0,77385.45,213.0,1309680,1303740
2026-08-27 13:25:00,ATM+2,PE,77600.0,77353.81,218.1,1243280,1212800
2026-08-27 13:30:00,ATM+2,PE,77500.0,77334.86,154.9,2942160,2897500
2026-08-27 13:35:00,ATM+2,PE,77500.0,77347.59,148.75,1962640,2961400
2026-08-27 13:40:00,ATM+2,PE,77500.0,77297.02,184.35,2907600,2876560
2026-08-27 13:45:00,ATM+2,PE,77400.0,77233.26,170.4,7066640,3526880
2026-08-27 13:50:00,ATM+2,PE,77400.0,77212.98,181.15,3409520,2987700
2026-08-27 13:55:00,ATM+2,PE,77400.0,77185.93,204.15,3386720,2557780
2026-08-27 14:00:00,ATM+2,PE,77400.0,77169.44,207.45,2097660,2432800
2026-08-27 14:05:00,ATM+2,PE,77400.0,77150.84,209.65,3463220,2294320
2026-08-27 14:10:00,ATM+2,PE,77400.0,77179.93,197.2,2478460,2222860
2026-08-27 14:15:00,ATM+2,PE,77400.0,77216.47,165.9,1694580,2177220
2026-08-27 14:20:00,ATM+2,PE,77400.0,77241.44,167.1,1460860,2188480
2026-08-27 14:25:00,ATM+2,PE,77500.0,77261.16,206.65,1989320,2120940
2026-08-27 14:30:00,ATM+2,PE,77500.0,77257.34,222.0,4111260,2117140
2026-08-27 14:35:00,ATM+2,PE,77500.0,77254.82,214.3,2279480,2115780
2026-08-27 14:40:00,ATM+2,PE,77400.0,77200.25,170.15,2231200,2285360
2026-08-27 14:45:00,ATM+2,PE,77400.0,77235.67,147.15,2168860,2208460
2026-08-27 14:50:00,ATM+2,PE,77400.0,77197.96,168.75,2110640,2034840
2026-08-27 14:55:00,ATM+2,PE,77400.0,77245.54,147.5,1656740,2032640
2026-08-27 15:00:00,ATM+2,PE,77400.0,77213.18,170.8,2647740,2035240
2026-08-27 15:05:00,ATM+2,PE,77400.0,77208.08,187.2,2974440,1816100
2026-08-27 15:10:00,ATM+2,PE,77400.0,77182.91,188.8,1972280,1736560
2026-08-27 15:15:00,ATM+2,PE,77400.0,77182.91,172.25,2036380,1622160
2026-08-27 15:20:00,ATM+2,PE,77400.0,77182.91,316.65,3758420,1343940
2026-08-27 15:25:00,ATM+2,PE,77100.0,76933.59,166.6,4624220,1545560
2026-08-27 15:30:00,ATM+2,PE,77100.0,76933.59,166.2,1078940,1202780
2026-08-27 15:35:00,ATM+2,PE,77100.0,76933.59,166.35,210740,1117060
2026-08-27 09:15:00,ATM+3,CE,77800.0,77515.13,48.95,9920640,4140660
2026-08-27 09:20:00,ATM+3,CE,77800.0,77483.71,40.6,4911720,5096880
2026-08-27 09:25:00,ATM+3,CE,77700.0,77397.03,52.7,5547240,5636640
2026-08-27 09:30:00,ATM+3,CE,77700.0,77421.64,54.5,4265800,5913500
2026-08-27 09:35:00,ATM+3,CE,77700.0,77389.84,50.5,4115300,6166520
2026-08-27 09:40:00,ATM+3,CE,77700.0,77442.61,56.45,2900860,6557680
2026-08-27 09:45:00,ATM+3,CE,77800.0,77506.41,39.7,4095460,6615780
2026-08-27 09:50:00,ATM+3,CE,77800.0,77459.35,32.15,3667080,6682220
2026-08-27 09:55:00,ATM+3,CE,77700.0,77411.45,43.65,3434520,6866220
2026-08-27 10:00:00,ATM+3,CE,77700.0,77389.69,40.05,3655120,7116620
2026-08-27 10:05:00,ATM+3,CE,77700.0,77395.9,42.35,1902500,7287100
2026-08-27 10:10:00,ATM+3,CE,77700.0,77360.58,35.0,2895340,7431820
2026-08-27 10:15:00,ATM+3,CE,77700.0,77366.94,36.35,1990320,7500440
2026-08-27 10:20:00,ATM+3,CE,77600.0,77332.4,50.3,1843720,7793480
2026-08-27 10:25:00,ATM+3,CE,77600.0,77335.89,50.3,2364740,7774020
2026-08-27 10:30:00,ATM+3,CE,77700.0,77364.16,37.4,2016840,7625060
2026-08-27 10:35:00,ATM+3,CE,77600.0,77336.62,53.25,1306000,7983780
2026-08-27 10:40:00,ATM+3,CE,77600.0,77304.67,44.7,3198940,8024560
2026-08-27 10:45:00,ATM+3,CE,77600.0,77321.24,45.8,2826260,7982920
2026-08-27 10:50:00,ATM+3,CE,77600.0,77285.89,40.9,3027080,7937100
2026-08-27 10:55:00,ATM+3,CE,77600.0,77274.4,41.95,1771100,8096260
2026-08-27 11:00:00,ATM+3,CE,77600.0,77287.52,44.05,3132480,8245200
2026-08-27 11:05:00,ATM+3,CE,77600.0,77277.96,45.0,1936920,8214040
2026-08-27 11:10:00,ATM+3,CE,77600.0,77257.72,39.0,1571500,8090340
2026-08-27 11:15:00,ATM+3,CE,77500.0,77215.42,53.75,3523980,11623000
2026-08-27 11:20:00,ATM+3,CE,77500.0,77193.58,50.0,4945180,11624820
2026-08-27 11:25:00,ATM+3,CE,77500.0,77204.99,54.45,3103700,11642440
2026-08-27 11:30:00,ATM+3,CE,77600.0,77257.53,42.7,3322080,8145860
2026-08-27 11:35:00,ATM+3,CE,77600.0,77251.57,41.95,3057580,8249200
2026-08-27 11:40:00,ATM+3,CE,77500.0,77231.85,58.05,2642140,11692200
2026-08-27 11:45:00,ATM+3,CE,77500.0,77218.96,54.9,2486040,11759620
2026-08-27 11:50:00,ATM+3,CE,77500.0,77240.23,61.2,2612880,11796720
2026-08-27 11:55:00,ATM+3,CE,77600.0,77258.09,47.05,2281500,8243540
2026-08-27 12:00:00,ATM+3,CE,77500.0,77229.67,56.45,4720680,12218420
2026-08-27 12:05:00,ATM+3,CE,77500.0,77208.58,51.0,4548120,12318000
2026-08-27 12:10:00,ATM+3,CE,77600.0,77256.52,38.45,3306200,8268640
2026-08-27 12:15:00,ATM+3,CE,77500.0,77222.69,49.8,5250760,12756460
2026-08-27 12:20:00,ATM+3,CE,77500.0,77203.98,49.75,3247660,12736000
2026-08-27 12:25:00,ATM+3,CE,77600.0,77252.95,40.65,3716580,8528560
2026-08-27 12:30:00,ATM+3,CE,77600.0,77250.8,40.7,3783640,8558300
2026-08-27 12:35:00,ATM+3,CE,77600.0,77311.45,50.65,6654680,8592180
2026-08-27 12:40:00,ATM+3,CE,77600.0,77304.22,45.85,6126380,8480560
2026-08-27 12:45:00,ATM+3,CE,77600.0,77316.99,49.55,3596020,8708560
2026-08-27 12:50:00,ATM+3,CE,77700.0,77361.65,31.4,6940160,7489620
2026-08-27 12:55:00,ATM+3,CE,77600.0,77348.2,46.55,3776100,8820200
2026-08-27 13:00:00,ATM+3,CE,77700.0,77350.44,28.1,4362720,7676300
2026-08-27 13:05:00,ATM+3,CE,77600.0,77347.9,44.45,4764940,9058240
2026-08-27 13:10:00,ATM+3,CE,77700.0,77380.11,30.0,4780320,7911420
2026-08-27 13:15:00,ATM+3,CE,77700.0,77360.65,26.15,5762080,8356880
2026-08-27 13:20:00,ATM+3,CE,77700.0,77385.45,29.2,3151800,8540280
2026-08-27 13:25:00,ATM+3,CE,77700.0,77353.81,23.7,4126160,8507640
2026-08-27 13:30:00,ATM+3,CE,77600.0,77334.86,32.3,6976140,8967380
2026-08-27 13:35:00,ATM+3,CE,77600.0,77347.59,32.15,4195420,9209820
2026-08-27 13:40:00,ATM+3,CE,77600.0,77297.02,23.05,6251400,9117720
2026-08-27 13:45:00,ATM+3,CE,77500.0,77233.26,25.2,12146180,12612140
2026-08-27 13:50:00,ATM+3,CE,77500.0,77212.98,24.85,5762340,13476500
2026-08-27 13:55:00,ATM+3,CE,77500.0,77185.93,23.05,6518140,13550940
2026-08-27 14:00:00,ATM+3,CE,77500.0,77169.44,22.25,4659100,13428380
2026-08-27 14:05:00,ATM+3,CE,77500.0,77150.84,22.3,6261800,13550420
2026-08-27 14:10:00,ATM+3,CE,77500.0,77179.93,23.1,6047020,13658260
2026-08-27 14:15:00,ATM+3,CE,77500.0,77216.47,27.1,5165000,13705600
2026-08-27 14:20:00,ATM+3,CE,77500.0,77241.44,26.0,6637820,14001540
2026-08-27 14:25:00,ATM+3,CE,77600.0,77261.16,18.75,8611160,8520960
2026-08-27 14:30:00,ATM+3,CE,77600.0,77257.34,14.65,12025480,8671420
2026-08-27 14:35:00,ATM+3,CE,77600.0,77254.82,15.35,5960980,8436040
2026-08-27 14:40:00,ATM+3,CE,77500.0,77200.25,20.65,9551740,13809400
2026-08-27 14:45:00,ATM+3,CE,77500.0,77235.67,26.55,8756440,13293120
2026-08-27 14:50:00,ATM+3,CE,77500.0,77197.96,21.55,8861900,12885260
2026-08-27 14:55:00,ATM+3,CE,77500.0,77245.54,21.6,7289960,12910500
2026-08-27 15:00:00,ATM+3,CE,77500.0,77213.18,17.3,14059420,12707500
2026-08-27 15:05:00,ATM+3,CE,77500.0,77208.08,13.25,14098620,11818720
2026-08-27 15:10:00,ATM+3,CE,77500.0,77182.91,17.65,9153500,11383260
2026-08-27 15:15:00,ATM+3,CE,77500.0,77182.91,16.3,12624080,10276680
2026-08-27 15:20:00,ATM+3,CE,77500.0,77182.91,6.2,21476280,7978800
2026-08-27 15:25:00,ATM+3,CE,77200.0,76933.59,0.05,21679960,6466760
2026-08-27 15:30:00,ATM+3,CE,77200.0,76933.59,0.05,5196280,4922200
2026-08-27 15:35:00,ATM+3,CE,77200.0,76933.59,0.05,217600,4745300
2026-08-27 09:15:00,ATM+3,PE,77800.0,77515.13,301.65,1541160,947440
2026-08-27 09:20:00,ATM+3,PE,77800.0,77483.71,320.9,1204180,1020780
2026-08-27 09:25:00,ATM+3,PE,77700.0,77397.03,288.2,1988980,1106460
2026-08-27 09:30:00,ATM+3,PE,77700.0,77421.64,287.75,1790600,960980
2026-08-27 09:35:00,ATM+3,PE,77700.0,77389.84,304.6,1190520,954440
2026-08-27 09:40:00,ATM+3,PE,77700.0,77442.61,274.05,658620,952960
2026-08-27 09:45:00,ATM+3,PE,77800.0,77506.41,334.45,573580,867160
2026-08-27 09:50:00,ATM+3,PE,77800.0,77459.35,370.1,668960,843940
2026-08-27 09:55:00,ATM+3,PE,77700.0,77411.45,306.3,1108740,1028220
2026-08-27 10:00:00,ATM+3,PE,77700.0,77389.69,322.15,1275080,868320
2026-08-27 10:05:00,ATM+3,PE,77700.0,77395.9,309.65,513260,859100
2026-08-27 10:10:00,ATM+3,PE,77700.0,77360.58,347.75,572540,874280
2026-08-27 10:15:00,ATM+3,PE,77700.0,77366.94,333.35,461100,804620
2026-08-27 10:20:00,ATM+3,PE,77600.0,77332.4,260.8,505440,1189980
2026-08-27 10:25:00,ATM+3,PE,77600.0,77335.89,261.2,718300,1144820
2026-08-27 10:30:00,ATM+3,PE,77700.0,77364.16,328.3,496760,726720
2026-08-27 10:35:00,ATM+3,PE,77600.0,77336.62,251.15,253420,1093600
2026-08-27 10:40:00,ATM+3,PE,77600.0,77304.67,288.2,1030480,1082920
2026-08-27 10:45:00,ATM+3,PE,77600.0,77321.24,284.05,941300,999500
2026-08-27 10:50:00,ATM+3,PE,77600.0,77285.89,316.9,1017640,870020
2026-08-27 10:55:00,ATM+3,PE,77600.0,77274.4,323.05,488180,850160
2026-08-27 11:00:00,ATM+3,PE,77600.0,77287.52,310.35,1024560,814680
2026-08-27 11:05:00,ATM+3,PE,77600.0,77277.96,311.3,327640,822120
2026-08-27 11:10:00,ATM+3,PE,77600.0,77257.72,336.45,332960,817780
2026-08-27 11:15:00,ATM+3,PE,77500.0,77215.42,283.95,1952780,1942200
2026-08-27 11:20:00,ATM+3,PE,77500.0,77193.58,310.2,1938140,1712460
2026-08-27 11:25:00,ATM+3,PE,77500.0,77204.99,301.7,1103900,1651220
2026-08-27 11:30:00,ATM+3,PE,77600.0,77257.53,345.35,803680,613300
2026-08-27 11:35:00,ATM+3,PE,77600.0,77251.57,352.25,576480,631660
2026-08-27 11:40:00,ATM+3,PE,77500.0,77231.85,273.2,474840,1683480
2026-08-27 11:45:00,ATM+3,PE,77500.0,77218.96,280.0,662060,1689140
2026-08-27 11:50:00,ATM+3,PE,77500.0,77240.23,263.65,766380,1662180
2026-08-27 11:55:00,ATM+3,PE,77600.0,77258.09,326.7,335200,686660
2026-08-27 12:00:00,ATM+3,PE,77500.0,77229.67,264.95,898900,1726100
2026-08-27 12:05:00,ATM+3,PE,77500.0,77208.58,280.05,1143460,1589380
2026-08-27 12:10:00,ATM+3,PE,77600.0,77256.52,333.85,690120,618900
2026-08-27 12:15:00,ATM+3,PE,77500.0,77222.69,268.2,887540,1654100
2026-08-27 12:20:00,ATM+3,PE,77500.0,77203.98,269.3,811560,1648620
2026-08-27 12:25:00,ATM+3,PE,77600.0,77252.95,315.1,605240,623480
2026-08-27 12:30:00,ATM+3,PE,77600.0,77250.8,311.7,663320,628560
2026-08-27 12:35:00,ATM+3,PE,77600.0,77311.45,257.25,613900,651920
2026-08-27 12:40:00,ATM+3,PE,77600.0,77304.22,259.5,492760,701780
2026-08-27 12:45:00,ATM+3,PE,77600.0,77316.99,246.8,356620,728840
2026-08-27 12:50:00,ATM+3,PE,77700.0,77361.65,313.65,554300,580760
2026-08-27 12:55:00,ATM+3,PE,77600.0,77348.2,230.95,257940,829240
2026-08-27 13:00:00,ATM+3,PE,77700.0,77350.44,312.6,374160,592200
2026-08-27 13:05:00,ATM+3,PE,77600.0,77347.9,226.2,527860,855000
2026-08-27 13:10:00,ATM+3,PE,77700.0,77380.11,286.2,365920,628440
2026-08-27 13:15:00,ATM+3,PE,77700.0,77360.65,303.6,573660,649320
2026-08-27 13:20:00,ATM+3,PE,77700.0,77385.45,294.4,351600,695380
2026-08-27 13:25:00,ATM+3,PE,77700.0,77353.81,302.1,321240,651540
2026-08-27 13:30:00,ATM+3,PE,77600.0,77334.86,231.35,1067180,959880
2026-08-27 13:35:00,ATM+3,PE,77600.0,77347.59,225.75,554620,997520
2026-08-27 13:40:00,ATM+3,PE,77600.0,77297.02,266.6,807180,915120
2026-08-27 13:45:00,ATM+3,PE,77500.0,77233.26,251.75,2569240,2285140
2026-08-27 13:50:00,ATM+3,PE,77500.0,77212.98,264.7,1515380,2192780
2026-08-27 13:55:00,ATM+3,PE,77500.0,77185.93,290.95,1465580,2144020
2026-08-27 14:00:00,ATM+3,PE,77500.0,77169.44,294.05,1034100,2092040
2026-08-27 14:05:00,ATM+3,PE,77500.0,77150.84,292.25,1454840,2024420
2026-08-27 14:10:00,ATM+3,PE,77500.0,77179.93,284.9,939100,2066120
2026-08-27 14:15:00,ATM+3,PE,77500.0,77216.47,247.4,654040,2057780
2026-08-27 14:20:00,ATM+3,PE,77500.0,77241.44,250.4,745380,2090840
2026-08-27 14:25:00,ATM+3,PE,77600.0,77261.16,292.8,821700,710320
2026-08-27 14:30:00,ATM+3,PE,77600.0,77257.34,310.55,1735540,678940
2026-08-27 14:35:00,ATM+3,PE,77600.0,77254.82,301.9,820420,673200
2026-08-27 14:40:00,ATM+3,PE,77500.0,77200.25,252.1,1006120,2092000
2026-08-27 14:45:00,ATM+3,PE,77500.0,77235.67,225.45,947260,2028300
2026-08-27 14:50:00,ATM+3,PE,77500.0,77197.96,251.6,971200,2004160
2026-08-27 14:55:00,ATM+3,PE,77500.0,77245.54,229.1,725800,2004400
2026-08-27 15:00:00,ATM+3,PE,77500.0,77213.18,256.9,1199880,1945000
2026-08-27 15:05:00,ATM+3,PE,77500.0,77208.08,273.2,1482000,1701360
2026-08-27 15:10:00,ATM+3,PE,77500.0,77182.91,275.6,983380,1671580
2026-08-27 15:15:00,ATM+3,PE,77500.0,77182.91,259.7,1103640,1607940
2026-08-27 15:20:00,ATM+3,PE,77500.0,77182.91,391.95,2002640,1444360
2026-08-27 15:25:00,ATM+3,PE,77200.0,76933.59,266.45,3514760,2075760
2026-08-27 15:30:00,ATM+3,PE,77200.0,76933.59,266.85,1030200,1596960
2026-08-27 15:35:00,ATM+3,PE,77200.0,76933.59,265.9,210060,1456540
